epi_week,date,state,city,ibgeID,newDeaths,deaths,newCases,totalCases,deaths_per_100k_inhabitants,totalCases_per_100k_inhabitants,deaths_by_totalCases
12,2020-03-18,SP,Campinas/SP,3509502,0,0,1,1,0.000,0.082,0.000
12,2020-03-19,SP,Campinas/SP,3509502,0,0,0,1,0.000,0.082,0.000
12,2020-03-20,SP,Campinas/SP,3509502,0,0,0,1,0.000,0.082,0.000
12,2020-03-21,SP,Campinas/SP,3509502,0,0,0,1,0.000,0.082,0.000
13,2020-03-22,SP,Campinas/SP,3509502,0,0,0,1,0.000,0.082,0.000
13,2020-03-23,SP,Campinas/SP,3509502,0,0,0,1,0.000,0.082,0.000
13,2020-03-24,SP,Campinas/SP,3509502,0,0,0,1,0.000,0.082,0.000
13,2020-03-25,SP,Campinas/SP,3509502,0,0,3,4,0.000,0.327,0.000
13,2020-03-26,SP,Campinas/SP,3509502,0,0,0,4,0.000,0.327,0.000
13,2020-03-27,SP,Campinas/SP,3509502,0,0,1,5,0.000,0.409,0.000
13,2020-03-28,SP,Campinas/SP,3509502,0,0,0,5,0.000,0.409,0.000
14,2020-03-29,SP,Campinas/SP,3509502,0,0,0,5,0.000,0.409,0.000
14,2020-03-30,SP,Campinas/SP,3509502,0,0,6,11,0.000,0.899,0.000
14,2020-03-31,SP,Campinas/SP,3509502,1,1,4,15,0.082,1.226,0.067
14,2020-04-01,SP,Campinas/SP,3509502,0,1,7,22,0.082,1.799,0.045
14,2020-04-02,SP,Campinas/SP,3509502,0,1,1,23,0.082,1.880,0.043
14,2020-04-03,SP,Campinas/SP,3509502,0,1,1,24,0.082,1.962,0.042
14,2020-04-04,SP,Campinas/SP,3509502,3,4,2,26,0.327,2.126,0.154
15,2020-04-05,SP,Campinas/SP,3509502,0,4,0,26,0.327,2.126,0.154
15,2020-04-06,SP,Campinas/SP,3509502,0,4,2,28,0.327,2.289,0.143
15,2020-04-07,SP,Campinas/SP,3509502,0,4,22,50,0.327,4.088,0.080
15,2020-04-08,SP,Campinas/SP,3509502,1,5,22,72,0.409,5.886,0.069
15,2020-04-09,SP,Campinas/SP,3509502,0,5,11,83,0.409,6.785,0.060
15,2020-04-10,SP,Campinas/SP,3509502,0,5,17,100,0.409,8.175,0.050
15,2020-04-11,SP,Campinas/SP,3509502,0,5,0,100,0.409,8.175,0.050
16,2020-04-12,SP,Campinas/SP,3509502,0,5,6,106,0.409,8.666,0.047
16,2020-04-13,SP,Campinas/SP,3509502,0,5,1,107,0.409,8.747,0.047
16,2020-04-14,SP,Campinas/SP,3509502,0,5,5,112,0.409,9.156,0.045
16,2020-04-15,SP,Campinas/SP,3509502,0,5,30,142,0.409,11.609,0.035
16,2020-04-16,SP,Campinas/SP,3509502,2,7,7,149,0.572,12.181,0.047
16,2020-04-17,SP,Campinas/SP,3509502,0,7,15,164,0.572,13.407,0.043
16,2020-04-18,SP,Campinas/SP,3509502,0,7,20,184,0.572,15.042,0.038
17,2020-04-19,SP,Campinas/SP,3509502,0,7,0,184,0.572,15.042,0.038
17,2020-04-20,SP,Campinas/SP,3509502,0,7,8,192,0.572,15.696,0.036
17,2020-04-21,SP,Campinas/SP,3509502,0,7,7,199,0.572,16.268,0.035
17,2020-04-22,SP,Campinas/SP,3509502,2,9,3,202,0.736,16.514,0.045
17,2020-04-23,SP,Campinas/SP,3509502,0,9,9,211,0.736,17.249,0.043
17,2020-04-24,SP,Campinas/SP,3509502,2,11,18,229,0.899,18.721,0.048
17,2020-04-25,SP,Campinas/SP,3509502,0,11,27,256,0.899,20.928,0.043
18,2020-04-26,SP,Campinas/SP,3509502,1,12,6,262,0.981,21.419,0.046
18,2020-04-27,SP,Campinas/SP,3509502,0,12,17,279,0.981,22.808,0.043
18,2020-04-28,SP,Campinas/SP,3509502,0,12,41,320,0.981,26.160,0.037
18,2020-04-29,SP,Campinas/SP,3509502,4,16,24,344,1.308,28.122,0.047
18,2020-04-30,SP,Campinas/SP,3509502,2,18,25,369,1.472,30.166,0.049
18,2020-05-01,SP,Campinas/SP,3509502,1,19,3,372,1.553,30.411,0.051
18,2020-05-02,SP,Campinas/SP,3509502,1,20,8,380,1.635,31.065,0.053
19,2020-05-03,SP,Campinas/SP,3509502,1,21,22,402,1.717,32.864,0.052
19,2020-05-04,SP,Campinas/SP,3509502,0,21,1,403,1.717,32.945,0.052
19,2020-05-05,SP,Campinas/SP,3509502,3,24,27,430,1.962,35.153,0.056
19,2020-05-06,SP,Campinas/SP,3509502,0,24,129,559,1.962,45.698,0.043
19,2020-05-07,SP,Campinas/SP,3509502,-1,23,-4,555,1.880,45.371,0.041
19,2020-05-08,SP,Campinas/SP,3509502,2,25,-28,527,2.044,43.082,0.047
19,2020-05-09,SP,Campinas/SP,3509502,0,25,68,595,2.044,48.641,0.042
20,2020-05-10,SP,Campinas/SP,3509502,0,25,14,609,2.044,49.786,0.041
20,2020-05-11,SP,Campinas/SP,3509502,1,26,6,615,2.126,50.276,0.042
20,2020-05-12,SP,Campinas/SP,3509502,1,27,28,643,2.207,52.565,0.042
20,2020-05-13,SP,Campinas/SP,3509502,0,27,87,730,2.207,59.678,0.037
20,2020-05-14,SP,Campinas/SP,3509502,2,29,39,769,2.371,62.866,0.038
20,2020-05-15,SP,Campinas/SP,3509502,4,33,71,840,2.698,68.670,0.039
20,2020-05-16,SP,Campinas/SP,3509502,2,35,106,946,2.861,77.336,0.037
21,2020-05-17,SP,Campinas/SP,3509502,2,37,41,987,3.025,80.688,0.037
21,2020-05-18,SP,Campinas/SP,3509502,4,41,19,1006,3.352,82.241,0.041
21,2020-05-19,SP,Campinas/SP,3509502,1,42,67,1073,3.434,87.718,0.039
21,2020-05-20,SP,Campinas/SP,3509502,2,44,59,1132,3.597,92.541,0.039
21,2020-05-21,SP,Campinas/SP,3509502,1,45,60,1192,3.679,97.446,0.038
21,2020-05-22,SP,Campinas/SP,3509502,2,47,55,1247,3.842,101.943,0.038
21,2020-05-23,SP,Campinas/SP,3509502,5,52,59,1306,4.251,106.766,0.040
22,2020-05-24,SP,Campinas/SP,3509502,1,53,29,1335,4.333,109.137,0.040
22,2020-05-25,SP,Campinas/SP,3509502,4,57,47,1382,4.660,112.979,0.041
22,2020-05-26,SP,Campinas/SP,3509502,4,61,33,1415,4.987,115.677,0.043
22,2020-05-27,SP,Campinas/SP,3509502,3,64,39,1454,5.232,118.865,0.044
22,2020-05-28,SP,Campinas/SP,3509502,1,65,66,1520,5.314,124.260,0.043
22,2020-05-29,SP,Campinas/SP,3509502,4,69,107,1627,5.641,133.008,0.042
22,2020-05-30,SP,Campinas/SP,3509502,5,74,106,1733,6.050,141.673,0.043
23,2020-05-31,SP,Campinas/SP,3509502,1,75,20,1753,6.131,143.308,0.043
23,2020-06-01,SP,Campinas/SP,3509502,3,78,69,1822,6.377,148.949,0.043
23,2020-06-02,SP,Campinas/SP,3509502,1,79,106,1928,6.458,157.615,0.041
23,2020-06-03,SP,Campinas/SP,3509502,1,80,171,2099,6.540,171.594,0.038
23,2020-06-04,SP,Campinas/SP,3509502,10,90,148,2247,7.358,183.693,0.040
23,2020-06-05,SP,Campinas/SP,3509502,3,93,167,2414,7.603,197.345,0.039
23,2020-06-06,SP,Campinas/SP,3509502,8,101,190,2604,8.257,212.878,0.039
24,2020-06-07,SP,Campinas/SP,3509502,3,104,113,2717,8.502,222.116,0.038
24,2020-06-08,SP,Campinas/SP,3509502,3,107,35,2752,8.747,224.977,0.039
24,2020-06-09,SP,Campinas/SP,3509502,9,116,162,2914,9.483,238.220,0.040
24,2020-06-10,SP,Campinas/SP,3509502,5,121,207,3121,9.892,255.143,0.039
24,2020-06-11,SP,Campinas/SP,3509502,9,130,170,3291,10.628,269.040,0.040
24,2020-06-12,SP,Campinas/SP,3509502,6,136,199,3490,11.118,285.309,0.039
24,2020-06-13,SP,Campinas/SP,3509502,12,148,192,3682,12.099,301.005,0.040
25,2020-06-14,SP,Campinas/SP,3509502,0,148,170,3852,12.099,314.902,0.038
25,2020-06-15,SP,Campinas/SP,3509502,1,149,32,3884,12.181,317.518,0.038
25,2020-06-16,SP,Campinas/SP,3509502,15,164,373,4257,13.407,348.011,0.039
25,2020-06-17,SP,Campinas/SP,3509502,21,185,45,4302,15.124,351.690,0.043
25,2020-06-18,SP,Campinas/SP,3509502,9,194,28,4330,15.860,353.979,0.045
25,2020-06-19,SP,Campinas/SP,3509502,9,203,797,5127,16.595,419.134,0.040
25,2020-06-20,SP,Campinas/SP,3509502,8,211,190,5317,17.249,434.666,0.040
26,2020-06-21,SP,Campinas/SP,3509502,0,211,142,5459,17.249,446.275,0.039
26,2020-06-22,SP,Campinas/SP,3509502,2,213,179,5638,17.413,460.908,0.038
26,2020-06-23,SP,Campinas/SP,3509502,23,236,252,5890,19.293,481.509,0.040
26,2020-06-24,SP,Campinas/SP,3509502,17,253,434,6324,20.683,516.989,0.040
26,2020-06-25,SP,Campinas/SP,3509502,18,271,280,6604,22.154,539.879,0.041
26,2020-06-26,SP,Campinas/SP,3509502,7,278,340,6944,22.727,567.674,0.040
26,2020-06-27,SP,Campinas/SP,3509502,14,292,330,7274,23.871,594.652,0.040
27,2020-06-28,SP,Campinas/SP,3509502,1,293,352,7626,23.953,623.428,0.038
27,2020-06-29,SP,Campinas/SP,3509502,4,297,117,7743,24.280,632.993,0.038
27,2020-06-30,SP,Campinas/SP,3509502,19,316,277,8020,25.833,655.637,0.039
27,2020-07-01,SP,Campinas/SP,3509502,8,324,404,8424,26.487,688.665,0.038
27,2020-07-02,SP,Campinas/SP,3509502,17,341,349,8773,27.877,717.195,0.039
27,2020-07-03,SP,Campinas/SP,3509502,13,354,278,9051,28.940,739.922,0.039
27,2020-07-04,SP,Campinas/SP,3509502,10,364,79,9130,29.757,746.380,0.040
28,2020-07-05,SP,Campinas/SP,3509502,6,370,303,9433,30.248,771.151,0.039
28,2020-07-06,SP,Campinas/SP,3509502,4,374,191,9624,30.575,786.765,0.039
28,2020-07-07,SP,Campinas/SP,3509502,10,384,430,10054,31.392,821.918,0.038
28,2020-07-08,SP,Campinas/SP,3509502,19,403,406,10460,32.945,855.108,0.039
28,2020-07-09,SP,Campinas/SP,3509502,17,420,316,10776,34.335,880.941,0.039
28,2020-07-10,SP,Campinas/SP,3509502,16,436,303,11079,35.643,905.712,0.039
28,2020-07-11,SP,Campinas/SP,3509502,10,446,288,11367,36.461,929.256,0.039
29,2020-07-12,SP,Campinas/SP,3509502,7,453,146,11513,37.033,941.191,0.039
29,2020-07-13,SP,Campinas/SP,3509502,2,455,138,11651,37.196,952.473,0.039
29,2020-07-14,SP,Campinas/SP,3509502,26,481,314,11965,39.322,978.142,0.040
29,2020-07-15,SP,Campinas/SP,3509502,20,501,292,12257,40.957,1002.014,0.041
29,2020-07-16,SP,Campinas/SP,3509502,15,516,300,12557,42.183,1026.539,0.041
29,2020-07-17,SP,Campinas/SP,3509502,10,526,200,12757,43.001,1042.889,0.041
29,2020-07-18,SP,Campinas/SP,3509502,12,538,127,12884,43.982,1053.271,0.042
30,2020-07-19,SP,Campinas/SP,3509502,5,543,84,12968,44.390,1060.138,0.042
30,2020-07-20,SP,Campinas/SP,3509502,1,544,245,13213,44.472,1080.167,0.041
30,2020-07-21,SP,Campinas/SP,3509502,24,568,153,13366,46.434,1092.675,0.042
30,2020-07-22,SP,Campinas/SP,3509502,10,578,701,14067,47.252,1149.982,0.041
30,2020-07-23,SP,Campinas/SP,3509502,25,603,475,14542,49.295,1188.813,0.041
30,2020-07-24,SP,Campinas/SP,3509502,15,618,624,15166,50.522,1239.825,0.041
30,2020-07-25,SP,Campinas/SP,3509502,16,634,510,15676,51.830,1281.518,0.040
31,2020-07-26,SP,Campinas/SP,3509502,6,640,133,15809,52.320,1292.391,0.040
31,2020-07-27,SP,Campinas/SP,3509502,5,645,172,15981,52.729,1306.452,0.040
31,2020-07-28,SP,Campinas/SP,3509502,20,665,482,16463,54.364,1345.855,0.040
31,2020-07-29,SP,Campinas/SP,3509502,16,681,483,16946,55.672,1385.341,0.040
31,2020-07-30,SP,Campinas/SP,3509502,20,701,355,17301,57.307,1414.362,0.041
31,2020-07-31,SP,Campinas/SP,3509502,10,711,441,17742,58.124,1450.414,0.040
31,2020-08-01,SP,Campinas/SP,3509502,11,722,291,18033,59.024,1474.203,0.040
32,2020-08-02,SP,Campinas/SP,3509502,1,723,356,18389,59.105,1503.306,0.039
32,2020-08-03,SP,Campinas/SP,3509502,9,732,179,18568,59.841,1517.940,0.039
32,2020-08-04,SP,Campinas/SP,3509502,18,750,449,19017,61.313,1554.646,0.039
32,2020-08-05,SP,Campinas/SP,3509502,8,758,361,19378,61.967,1584.157,0.039
32,2020-08-06,SP,Campinas/SP,3509502,17,775,414,19792,63.356,1618.002,0.039
32,2020-08-07,SP,Campinas/SP,3509502,14,789,357,20149,64.501,1647.187,0.039
32,2020-08-08,SP,Campinas/SP,3509502,8,797,450,20599,65.155,1683.975,0.039
33,2020-08-09,SP,Campinas/SP,3509502,3,800,157,20756,65.400,1696.809,0.039
33,2020-08-10,SP,Campinas/SP,3509502,2,802,133,20889,65.564,1707.682,0.038
33,2020-08-11,SP,Campinas/SP,3509502,16,818,524,21413,66.872,1750.519,0.038
33,2020-08-12,SP,Campinas/SP,3509502,11,829,579,21992,67.771,1797.853,0.038
33,2020-08-13,SP,Campinas/SP,3509502,18,847,660,22652,69.243,1851.808,0.037
33,2020-08-14,SP,Campinas/SP,3509502,17,864,370,23022,70.632,1882.056,0.038
33,2020-08-15,SP,Campinas/SP,3509502,10,874,509,23531,71.450,1923.666,0.037
34,2020-08-16,SP,Campinas/SP,3509502,3,877,89,23620,71.695,1930.942,0.037
34,2020-08-17,SP,Campinas/SP,3509502,5,882,205,23825,72.104,1947.701,0.037
34,2020-08-18,SP,Campinas/SP,3509502,19,901,223,24048,73.657,1965.931,0.037
34,2020-08-19,SP,Campinas/SP,3509502,12,913,208,24256,74.638,1982.935,0.038
34,2020-08-20,SP,Campinas/SP,3509502,10,923,450,24706,75.456,2019.723,0.037
34,2020-08-21,SP,Campinas/SP,3509502,14,937,137,24843,76.600,2030.923,0.038
34,2020-08-22,SP,Campinas/SP,3509502,13,950,405,25248,77.663,2064.032,0.038
35,2020-08-23,SP,Campinas/SP,3509502,6,956,184,25432,78.153,2079.074,0.038
35,2020-08-24,SP,Campinas/SP,3509502,0,956,85,25517,78.153,2086.023,0.037
35,2020-08-25,SP,Campinas/SP,3509502,16,972,488,26005,79.461,2125.917,0.037
35,2020-08-26,SP,Campinas/SP,3509502,12,984,223,26228,80.442,2144.147,0.038
35,2020-08-27,SP,Campinas/SP,3509502,6,990,258,26486,80.933,2165.239,0.037
35,2020-08-28,SP,Campinas/SP,3509502,15,1005,267,26753,82.159,2187.066,0.038
35,2020-08-29,SP,Campinas/SP,3509502,0,1005,0,26753,82.159,2187.066,0.038
36,2020-08-30,SP,Campinas/SP,3509502,12,1017,249,27002,83.140,2207.422,0.038
36,2020-08-31,SP,Campinas/SP,3509502,1,1018,11,27013,83.222,2208.321,0.038
36,2020-09-01,SP,Campinas/SP,3509502,18,1036,205,27218,84.693,2225.080,0.038
36,2020-09-02,SP,Campinas/SP,3509502,11,1047,383,27601,85.593,2256.390,0.038
36,2020-09-03,SP,Campinas/SP,3509502,6,1053,400,28001,86.083,2289.090,0.038
36,2020-09-04,SP,Campinas/SP,3509502,5,1058,161,28162,86.492,2302.252,0.038
36,2020-09-05,SP,Campinas/SP,3509502,13,1071,294,28456,87.555,2326.287,0.038
37,2020-09-06,SP,Campinas/SP,3509502,3,1074,79,28535,87.800,2332.745,0.038
37,2020-09-07,SP,Campinas/SP,3509502,0,1074,0,28535,87.800,2332.745,0.038
37,2020-09-08,SP,Campinas/SP,3509502,0,1074,99,28634,87.800,2340.838,0.038
37,2020-09-09,SP,Campinas/SP,3509502,24,1098,108,28742,89.762,2349.667,0.038
37,2020-09-10,SP,Campinas/SP,3509502,9,1107,237,28979,90.498,2369.042,0.038
37,2020-09-11,SP,Campinas/SP,3509502,5,1112,198,29177,90.906,2385.229,0.038
37,2020-09-12,SP,Campinas/SP,3509502,7,1119,97,29274,91.479,2393.158,0.038
38,2020-09-13,SP,Campinas/SP,3509502,2,1121,17,29291,91.642,2394.548,0.038
38,2020-09-14,SP,Campinas/SP,3509502,3,1124,75,29366,91.887,2400.680,0.038
38,2020-09-15,SP,Campinas/SP,3509502,18,1142,216,29582,93.359,2418.338,0.039
38,2020-09-16,SP,Campinas/SP,3509502,8,1150,210,29792,94.013,2435.505,0.039
38,2020-09-17,SP,Campinas/SP,3509502,13,1163,183,29975,95.076,2450.465,0.039
38,2020-09-18,SP,Campinas/SP,3509502,11,1174,141,30116,95.975,2461.992,0.039
38,2020-09-19,SP,Campinas/SP,3509502,8,1182,161,30277,96.629,2475.154,0.039
39,2020-09-20,SP,Campinas/SP,3509502,1,1183,138,30415,96.711,2486.436,0.039
39,2020-09-21,SP,Campinas/SP,3509502,1,1184,11,30426,96.792,2487.335,0.039
39,2020-09-22,SP,Campinas/SP,3509502,12,1196,119,30545,97.773,2497.063,0.039
39,2020-09-23,SP,Campinas/SP,3509502,7,1203,124,30669,98.346,2507.200,0.039
39,2020-09-24,SP,Campinas/SP,3509502,12,1215,136,30805,99.327,2518.318,0.039
39,2020-09-25,SP,Campinas/SP,3509502,1,1216,108,30913,99.408,2527.147,0.039
39,2020-09-26,SP,Campinas/SP,3509502,9,1225,202,31115,100.144,2543.661,0.039
40,2020-09-27,SP,Campinas/SP,3509502,0,1225,12,31127,100.144,2544.642,0.039
40,2020-09-28,SP,Campinas/SP,3509502,1,1226,21,31148,100.226,2546.359,0.039
40,2020-09-29,SP,Campinas/SP,3509502,7,1233,108,31256,100.798,2555.188,0.039
40,2020-09-30,SP,Campinas/SP,3509502,4,1237,121,31377,101.125,2565.079,0.039
40,2020-10-01,SP,Campinas/SP,3509502,5,1242,75,31452,101.534,2571.211,0.039
40,2020-10-02,SP,Campinas/SP,3509502,4,1246,86,31538,101.861,2578.241,0.040
40,2020-10-03,SP,Campinas/SP,3509502,1,1247,94,31632,101.943,2585.926,0.039
41,2020-10-04,SP,Campinas/SP,3509502,0,1247,0,31632,101.943,2585.926,0.039
41,2020-10-05,SP,Campinas/SP,3509502,0,1247,0,31632,101.943,2585.926,0.039
41,2020-10-06,SP,Campinas/SP,3509502,6,1253,157,31789,102.433,2598.761,0.039
41,2020-10-07,SP,Campinas/SP,3509502,0,1253,0,31789,102.433,2598.761,0.039
41,2020-10-08,SP,Campinas/SP,3509502,10,1263,285,32074,103.251,2622.059,0.039
41,2020-10-09,SP,Campinas/SP,3509502,6,1269,107,32181,103.741,2630.807,0.039
41,2020-10-10,SP,Campinas/SP,3509502,0,1269,118,32299,103.741,2640.453,0.039
42,2020-10-11,SP,Campinas/SP,3509502,0,1269,60,32359,103.741,2645.358,0.039
42,2020-10-12,SP,Campinas/SP,3509502,1,1270,7,32366,103.823,2645.930,0.039
42,2020-10-13,SP,Campinas/SP,3509502,0,1270,22,32388,103.823,2647.729,0.039
42,2020-10-14,SP,Campinas/SP,3509502,8,1278,114,32502,104.477,2657.048,0.039
42,2020-10-15,SP,Campinas/SP,3509502,1,1279,128,32630,104.559,2667.513,0.039
42,2020-10-16,SP,Campinas/SP,3509502,0,1279,0,32630,104.559,2667.513,0.039
42,2020-10-17,SP,Campinas/SP,3509502,8,1287,221,32851,105.213,2685.579,0.039
43,2020-10-18,SP,Campinas/SP,3509502,0,1287,6,32857,105.213,2686.070,0.039
43,2020-10-19,SP,Campinas/SP,3509502,0,1287,4,32861,105.213,2686.397,0.039
43,2020-10-20,SP,Campinas/SP,3509502,6,1293,174,33035,105.703,2700.621,0.039
43,2020-10-21,SP,Campinas/SP,3509502,1,1294,107,33142,105.785,2709.369,0.039
43,2020-10-22,SP,Campinas/SP,3509502,9,1303,68,33210,106.521,2714.928,0.039
43,2020-10-23,SP,Campinas/SP,3509502,2,1305,83,33293,106.684,2721.713,0.039
43,2020-10-24,SP,Campinas/SP,3509502,2,1307,126,33419,106.848,2732.014,0.039
44,2020-10-25,SP,Campinas/SP,3509502,0,1307,42,33461,106.848,2735.447,0.039
44,2020-10-26,SP,Campinas/SP,3509502,0,1307,11,33472,106.848,2736.346,0.039
44,2020-10-27,SP,Campinas/SP,3509502,5,1312,136,33608,107.256,2747.464,0.039
44,2020-10-28,SP,Campinas/SP,3509502,2,1314,141,33749,107.420,2758.991,0.039
44,2020-10-29,SP,Campinas/SP,3509502,4,1318,73,33822,107.747,2764.959,0.039
44,2020-10-30,SP,Campinas/SP,3509502,6,1324,100,33922,108.237,2773.134,0.039
44,2020-10-31,SP,Campinas/SP,3509502,0,1324,36,33958,108.237,2776.077,0.039
45,2020-11-01,SP,Campinas/SP,3509502,0,1324,0,33958,108.237,2776.077,0.039
45,2020-11-02,SP,Campinas/SP,3509502,1,1325,21,33979,108.319,2777.794,0.039
45,2020-11-03,SP,Campinas/SP,3509502,0,1325,5,33984,108.319,2778.202,0.039
45,2020-11-04,SP,Campinas/SP,3509502,4,1329,116,34100,108.646,2787.685,0.039
45,2020-11-05,SP,Campinas/SP,3509502,4,1333,73,34173,108.973,2793.653,0.039
45,2020-11-06,SP,Campinas/SP,3509502,0,1333,0,34173,108.973,2793.653,0.039
45,2020-11-07,SP,Campinas/SP,3509502,0,1333,0,34173,108.973,2793.653,0.039
46,2020-11-08,SP,Campinas/SP,3509502,0,1333,0,34173,108.973,2793.653,0.039
46,2020-11-09,SP,Campinas/SP,3509502,0,1333,0,34173,108.973,2793.653,0.039
46,2020-11-10,SP,Campinas/SP,3509502,0,1333,426,34599,108.973,2828.479,0.039
46,2020-11-11,SP,Campinas/SP,3509502,1,1334,47,34646,109.055,2832.321,0.039
46,2020-11-12,SP,Campinas/SP,3509502,4,1338,90,34736,109.382,2839.679,0.039
46,2020-11-13,SP,Campinas/SP,3509502,0,1338,113,34849,109.382,2848.916,0.038
46,2020-11-14,SP,Campinas/SP,3509502,4,1342,88,34937,109.709,2856.110,0.038
47,2020-11-15,SP,Campinas/SP,3509502,1,1343,7,34944,109.791,2856.683,0.038
47,2020-11-16,SP,Campinas/SP,3509502,0,1343,13,34957,109.791,2857.745,0.038
47,2020-11-17,SP,Campinas/SP,3509502,2,1345,196,35153,109.954,2873.769,0.038
47,2020-11-18,SP,Campinas/SP,3509502,4,1349,213,35366,110.281,2891.181,0.038
47,2020-11-19,SP,Campinas/SP,3509502,2,1351,138,35504,110.445,2902.463,0.038
47,2020-11-20,SP,Campinas/SP,3509502,0,1351,0,35504,110.445,2902.463,0.038
47,2020-11-21,SP,Campinas/SP,3509502,4,1355,397,35901,110.772,2934.918,0.038
48,2020-11-22,SP,Campinas/SP,3509502,0,1355,65,35966,110.772,2940.232,0.038
48,2020-11-23,SP,Campinas/SP,3509502,0,1355,12,35978,110.772,2941.213,0.038
48,2020-11-24,SP,Campinas/SP,3509502,5,1360,123,36101,111.180,2951.268,0.038
48,2020-11-25,SP,Campinas/SP,3509502,2,1362,218,36319,111.344,2969.089,0.038
48,2020-11-26,SP,Campinas/SP,3509502,4,1366,126,36445,111.671,2979.390,0.037
48,2020-11-27,SP,Campinas/SP,3509502,3,1369,116,36561,111.916,2988.873,0.037
48,2020-11-28,SP,Campinas/SP,3509502,3,1372,124,36685,112.161,2999.010,0.037
49,2020-11-29,SP,Campinas/SP,3509502,0,1372,27,36712,112.161,3001.217,0.037
49,2020-11-30,SP,Campinas/SP,3509502,0,1372,23,36735,112.161,3003.098,0.037
49,2020-12-01,SP,Campinas/SP,3509502,6,1378,366,37101,112.652,3033.018,0.037
49,2020-12-02,SP,Campinas/SP,3509502,7,1385,334,37435,113.224,3060.323,0.037
49,2020-12-03,SP,Campinas/SP,3509502,6,1391,328,37763,113.715,3087.137,0.037
49,2020-12-04,SP,Campinas/SP,3509502,3,1394,270,38033,113.960,3109.209,0.037
49,2020-12-05,SP,Campinas/SP,3509502,2,1396,212,38245,114.123,3126.540,0.037
50,2020-12-06,SP,Campinas/SP,3509502,1,1397,45,38290,114.205,3130.219,0.036
50,2020-12-07,SP,Campinas/SP,3509502,0,1397,2,38292,114.205,3130.383,0.036
50,2020-12-08,SP,Campinas/SP,3509502,5,1402,287,38579,114.614,3153.845,0.036
50,2020-12-09,SP,Campinas/SP,3509502,0,1402,114,38693,114.614,3163.165,0.036
50,2020-12-10,SP,Campinas/SP,3509502,5,1407,419,39112,115.023,3197.418,0.036
50,2020-12-11,SP,Campinas/SP,3509502,3,1410,228,39340,115.268,3216.057,0.036
50,2020-12-12,SP,Campinas/SP,3509502,2,1412,204,39544,115.431,3232.734,0.036
51,2020-12-13,SP,Campinas/SP,3509502,0,1412,3,39547,115.431,3232.979,0.036
51,2020-12-14,SP,Campinas/SP,3509502,0,1412,27,39574,115.431,3235.187,0.036
51,2020-12-15,SP,Campinas/SP,3509502,5,1417,197,39771,115.840,3251.291,0.036
51,2020-12-16,SP,Campinas/SP,3509502,0,1417,0,39771,115.840,3251.291,0.036
51,2020-12-17,SP,Campinas/SP,3509502,1,1418,420,40191,115.922,3285.627,0.035
51,2020-12-18,SP,Campinas/SP,3509502,5,1423,386,40577,116.331,3317.182,0.035
51,2020-12-19,SP,Campinas/SP,3509502,6,1429,359,40936,116.821,3346.531,0.035
52,2020-12-20,SP,Campinas/SP,3509502,0,1429,0,40936,116.821,3346.531,0.035
52,2020-12-21,SP,Campinas/SP,3509502,0,1429,106,41042,116.821,3355.196,0.035
52,2020-12-22,SP,Campinas/SP,3509502,4,1433,395,41437,117.148,3387.487,0.035
52,2020-12-23,SP,Campinas/SP,3509502,10,1443,252,41689,117.966,3408.089,0.035
52,2020-12-24,SP,Campinas/SP,3509502,1,1444,353,42042,118.047,3436.946,0.034
52,2020-12-25,SP,Campinas/SP,3509502,0,1444,23,42065,118.047,3438.827,0.034
52,2020-12-26,SP,Campinas/SP,3509502,0,1444,16,42081,118.047,3440.135,0.034
53,2020-12-27,SP,Campinas/SP,3509502,2,1446,28,42109,118.211,3442.424,0.034
53,2020-12-28,SP,Campinas/SP,3509502,2,1448,53,42162,118.374,3446.756,0.034
53,2020-12-29,SP,Campinas/SP,3509502,15,1463,569,42731,119.601,3493.272,0.034
53,2020-12-30,SP,Campinas/SP,3509502,0,1463,0,42731,119.601,3493.272,0.034
53,2020-12-31,SP,Campinas/SP,3509502,11,1474,679,43410,120.500,3548.781,0.034
53,2021-01-01,SP,Campinas/SP,3509502,0,1474,0,43410,120.500,3548.781,0.034
53,2021-01-02,SP,Campinas/SP,3509502,1,1475,98,43508,120.582,3556.792,0.034
101,2021-01-03,SP,Campinas/SP,3509502,1,1476,53,43561,120.663,3561.125,0.034
101,2021-01-04,SP,Campinas/SP,3509502,0,1476,42,43603,120.663,3564.559,0.034
101,2021-01-05,SP,Campinas/SP,3509502,11,1487,432,44035,121.563,3599.875,0.034
101,2021-01-06,SP,Campinas/SP,3509502,6,1493,394,44429,122.053,3632.084,0.034
101,2021-01-07,SP,Campinas/SP,3509502,8,1501,393,44822,122.707,3664.212,0.033
101,2021-01-08,SP,Campinas/SP,3509502,4,1505,333,45155,123.034,3691.435,0.033
101,2021-01-09,SP,Campinas/SP,3509502,8,1513,447,45602,123.688,3727.977,0.033
102,2021-01-10,SP,Campinas/SP,3509502,2,1515,69,45671,123.852,3733.618,0.033
102,2021-01-11,SP,Campinas/SP,3509502,1,1516,77,45748,123.933,3739.913,0.033
102,2021-01-12,SP,Campinas/SP,3509502,13,1529,417,46165,124.996,3774.003,0.033
102,2021-01-13,SP,Campinas/SP,3509502,6,1535,341,46506,125.487,3801.880,0.033
102,2021-01-14,SP,Campinas/SP,3509502,4,1539,376,46882,125.814,3832.618,0.033
102,2021-01-15,SP,Campinas/SP,3509502,13,1552,376,47258,126.876,3863.356,0.033
102,2021-01-16,SP,Campinas/SP,3509502,3,1555,339,47597,127.122,3891.069,0.033
103,2021-01-17,SP,Campinas/SP,3509502,4,1559,134,47731,127.449,3902.024,0.033
103,2021-01-18,SP,Campinas/SP,3509502,1,1560,36,47767,127.530,3904.967,0.033
103,2021-01-19,SP,Campinas/SP,3509502,7,1567,455,48222,128.103,3942.163,0.032
103,2021-01-20,SP,Campinas/SP,3509502,12,1579,517,48739,129.084,3984.428,0.032
103,2021-01-21,SP,Campinas/SP,3509502,9,1588,285,49024,129.819,4007.727,0.032
103,2021-01-22,SP,Campinas/SP,3509502,8,1596,193,49217,130.473,4023.505,0.032
103,2021-01-23,SP,Campinas/SP,3509502,6,1602,460,49677,130.964,4061.110,0.032
104,2021-01-24,SP,Campinas/SP,3509502,0,1602,148,49825,130.964,4073.209,0.032
104,2021-01-25,SP,Campinas/SP,3509502,1,1603,69,49894,131.046,4078.850,0.032
104,2021-01-26,SP,Campinas/SP,3509502,9,1612,478,50372,131.781,4117.926,0.032
104,2021-01-27,SP,Campinas/SP,3509502,9,1621,498,50870,132.517,4158.638,0.032
104,2021-01-28,SP,Campinas/SP,3509502,12,1633,307,51177,133.498,4183.735,0.032
104,2021-01-29,SP,Campinas/SP,3509502,7,1640,299,51476,134.071,4208.179,0.032
104,2021-01-30,SP,Campinas/SP,3509502,6,1646,271,51747,134.561,4230.333,0.032
105,2021-01-31,SP,Campinas/SP,3509502,0,1646,48,51795,134.561,4234.257,0.032
105,2021-02-01,SP,Campinas/SP,3509502,0,1646,78,51873,134.561,4240.634,0.032
105,2021-02-02,SP,Campinas/SP,3509502,12,1658,267,52140,135.542,4262.461,0.032
105,2021-02-03,SP,Campinas/SP,3509502,11,1669,196,52336,136.441,4278.484,0.032
105,2021-02-04,SP,Campinas/SP,3509502,14,1683,389,52725,137.586,4310.285,0.032
105,2021-02-05,SP,Campinas/SP,3509502,9,1692,330,53055,138.322,4337.263,0.032
105,2021-02-06,SP,Campinas/SP,3509502,7,1699,336,53391,138.894,4364.731,0.032
106,2021-02-07,SP,Campinas/SP,3509502,0,1699,98,53489,138.894,4372.742,0.032
106,2021-02-08,SP,Campinas/SP,3509502,0,1699,26,53515,138.894,4374.868,0.032
106,2021-02-09,SP,Campinas/SP,3509502,14,1713,320,53835,140.038,4401.028,0.032
106,2021-02-10,SP,Campinas/SP,3509502,21,1734,352,54187,141.755,4429.804,0.032
106,2021-02-11,SP,Campinas/SP,3509502,12,1746,259,54446,142.736,4450.977,0.032
106,2021-02-12,SP,Campinas/SP,3509502,4,1750,353,54799,143.063,4479.835,0.032
106,2021-02-13,SP,Campinas/SP,3509502,9,1759,236,55035,143.799,4499.128,0.032
107,2021-02-14,SP,Campinas/SP,3509502,1,1760,77,55112,143.881,4505.423,0.032
107,2021-02-15,SP,Campinas/SP,3509502,0,1760,59,55171,143.881,4510.246,0.032
107,2021-02-16,SP,Campinas/SP,3509502,15,1775,278,55449,145.107,4532.973,0.032
107,2021-02-17,SP,Campinas/SP,3509502,11,1786,316,55765,146.006,4558.806,0.032
107,2021-02-18,SP,Campinas/SP,3509502,9,1795,300,56065,146.742,4583.331,0.032
107,2021-02-19,SP,Campinas/SP,3509502,6,1801,246,56311,147.232,4603.442,0.032
107,2021-02-20,SP,Campinas/SP,3509502,7,1808,218,56529,147.805,4621.263,0.032
108,2021-02-21,SP,Campinas/SP,3509502,3,1811,143,56672,148.050,4632.953,0.032
108,2021-02-22,SP,Campinas/SP,3509502,0,1811,69,56741,148.050,4638.594,0.032
108,2021-02-23,SP,Campinas/SP,3509502,17,1828,328,57069,149.440,4665.408,0.032
108,2021-02-24,SP,Campinas/SP,3509502,7,1835,348,57417,150.012,4693.857,0.032
108,2021-02-25,SP,Campinas/SP,3509502,18,1853,188,57605,151.483,4709.226,0.032
108,2021-02-26,SP,Campinas/SP,3509502,7,1860,297,57902,152.056,4733.506,0.032
108,2021-02-27,SP,Campinas/SP,3509502,8,1868,265,58167,152.710,4755.170,0.032
109,2021-02-28,SP,Campinas/SP,3509502,1,1869,83,58250,152.791,4761.955,0.032
109,2021-03-01,SP,Campinas/SP,3509502,2,1871,29,58279,152.955,4764.326,0.032
109,2021-03-02,SP,Campinas/SP,3509502,12,1883,316,58595,153.936,4790.159,0.032
109,2021-03-03,SP,Campinas/SP,3509502,20,1903,390,58985,155.571,4822.042,0.032
109,2021-03-04,SP,Campinas/SP,3509502,9,1912,241,59226,156.307,4841.744,0.032
109,2021-03-05,SP,Campinas/SP,3509502,13,1925,278,59504,157.369,4864.470,0.032
109,2021-03-06,SP,Campinas/SP,3509502,18,1943,403,59907,158.841,4897.416,0.032
110,2021-03-07,SP,Campinas/SP,3509502,0,1943,81,59988,158.841,4904.037,0.032
110,2021-03-08,SP,Campinas/SP,3509502,0,1943,36,60024,158.841,4906.980,0.032
110,2021-03-09,SP,Campinas/SP,3509502,18,1961,452,60476,160.312,4943.932,0.032
110,2021-03-10,SP,Campinas/SP,3509502,12,1973,367,60843,161.293,4973.934,0.032
110,2021-03-11,SP,Campinas/SP,3509502,10,1983,347,61190,162.111,5002.301,0.032
110,2021-03-12,SP,Campinas/SP,3509502,12,1995,309,61499,163.092,5027.562,0.032
110,2021-03-13,SP,Campinas/SP,3509502,16,2011,478,61977,164.400,5066.639,0.032
111,2021-03-14,SP,Campinas/SP,3509502,5,2016,176,62153,164.809,5081.027,0.032
111,2021-03-15,SP,Campinas/SP,3509502,2,2018,37,62190,164.972,5084.052,0.032
111,2021-03-16,SP,Campinas/SP,3509502,24,2042,382,62572,166.934,5115.280,0.033
111,2021-03-17,SP,Campinas/SP,3509502,25,2067,434,63006,168.978,5150.760,0.033
111,2021-03-18,SP,Campinas/SP,3509502,29,2096,380,63386,171.349,5181.825,0.033
111,2021-03-19,SP,Campinas/SP,3509502,23,2119,319,63705,173.229,5207.903,0.033
111,2021-03-20,SP,Campinas/SP,3509502,24,2143,423,64128,175.191,5242.484,0.033
112,2021-03-21,SP,Campinas/SP,3509502,8,2151,212,64340,175.845,5259.815,0.033
112,2021-03-22,SP,Campinas/SP,3509502,1,2152,59,64399,175.927,5264.638,0.033
112,2021-03-23,SP,Campinas/SP,3509502,33,2185,409,64808,178.624,5298.074,0.034
112,2021-03-24,SP,Campinas/SP,3509502,14,2199,487,65295,179.769,5337.886,0.034
112,2021-03-25,SP,Campinas/SP,3509502,27,2226,364,65659,181.976,5367.643,0.034
112,2021-03-26,SP,Campinas/SP,3509502,26,2252,394,66053,184.102,5399.853,0.034
112,2021-03-27,SP,Campinas/SP,3509502,49,2301,432,66485,188.107,5435.169,0.035
113,2021-03-28,SP,Campinas/SP,3509502,8,2309,210,66695,188.761,5452.337,0.035
113,2021-03-29,SP,Campinas/SP,3509502,4,2313,89,66784,189.088,5459.612,0.035
113,2021-03-30,SP,Campinas/SP,3509502,49,2362,496,67280,193.094,5500.161,0.035
113,2021-03-31,SP,Campinas/SP,3509502,30,2392,416,67696,195.547,5534.169,0.035
113,2021-04-01,SP,Campinas/SP,3509502,39,2431,503,68199,198.735,5575.289,0.036
113,2021-04-02,SP,Campinas/SP,3509502,20,2451,277,68476,200.370,5597.934,0.036
113,2021-04-03,SP,Campinas/SP,3509502,7,2458,88,68564,200.942,5605.128,0.036
114,2021-04-04,SP,Campinas/SP,3509502,0,2458,75,68639,200.942,5611.259,0.036
114,2021-04-05,SP,Campinas/SP,3509502,6,2464,63,68702,201.433,5616.410,0.036
114,2021-04-06,SP,Campinas/SP,3509502,67,2531,520,69222,206.910,5658.920,0.037
114,2021-04-07,SP,Campinas/SP,3509502,28,2559,377,69599,209.199,5689.740,0.037
114,2021-04-08,SP,Campinas/SP,3509502,43,2602,388,69987,212.714,5721.459,0.037
114,2021-04-09,SP,Campinas/SP,3509502,24,2626,407,70394,214.676,5754.731,0.037
114,2021-04-10,SP,Campinas/SP,3509502,24,2650,384,70778,216.638,5786.123,0.037
115,2021-04-11,SP,Campinas/SP,3509502,10,2660,95,70873,217.456,5793.889,0.038
115,2021-04-12,SP,Campinas/SP,3509502,3,2663,140,71013,217.701,5805.335,0.038
115,2021-04-13,SP,Campinas/SP,3509502,43,2706,454,71467,221.216,5842.449,0.038
115,2021-04-14,SP,Campinas/SP,3509502,34,2740,396,71863,223.996,5874.822,0.038
115,2021-04-15,SP,Campinas/SP,3509502,28,2768,506,72369,226.285,5916.188,0.038
115,2021-04-16,SP,Campinas/SP,3509502,15,2783,360,72729,227.511,5945.618,0.038
115,2021-04-17,SP,Campinas/SP,3509502,35,2818,406,73135,230.372,5978.809,0.039
116,2021-04-18,SP,Campinas/SP,3509502,5,2823,52,73187,230.781,5983.060,0.039
116,2021-04-19,SP,Campinas/SP,3509502,2,2825,45,73232,230.945,5986.738,0.039
116,2021-04-20,SP,Campinas/SP,3509502,19,2844,412,73644,232.498,6020.420,0.039
116,2021-04-21,SP,Campinas/SP,3509502,27,2871,457,74101,234.705,6057.779,0.039
116,2021-04-22,SP,Campinas/SP,3509502,9,2880,135,74236,235.441,6068.816,0.039
116,2021-04-23,SP,Campinas/SP,3509502,17,2897,523,74759,236.831,6111.571,0.039
116,2021-04-24,SP,Campinas/SP,3509502,0,2897,0,74759,236.831,6111.571,0.039
117,2021-04-25,SP,Campinas/SP,3509502,23,2920,538,75297,238.711,6155.553,0.039
117,2021-04-26,SP,Campinas/SP,3509502,7,2927,35,75332,239.283,6158.414,0.039
117,2021-04-27,SP,Campinas/SP,3509502,37,2964,618,75950,242.308,6208.936,0.039
117,2021-04-28,SP,Campinas/SP,3509502,22,2986,276,76226,244.106,6231.499,0.039
117,2021-04-29,SP,Campinas/SP,3509502,26,3012,303,76529,246.232,6256.269,0.039
117,2021-04-30,SP,Campinas/SP,3509502,6,3018,313,76842,246.722,6281.857,0.039
117,2021-05-01,SP,Campinas/SP,3509502,0,3018,0,76842,246.722,6281.857,0.039
118,2021-05-02,SP,Campinas/SP,3509502,21,3039,363,77205,248.439,6311.532,0.039
118,2021-05-03,SP,Campinas/SP,3509502,1,3040,24,77229,248.521,6313.494,0.039
118,2021-05-04,SP,Campinas/SP,3509502,17,3057,433,77662,249.911,6348.892,0.039
118,2021-05-05,SP,Campinas/SP,3509502,19,3076,443,78105,251.464,6385.108,0.039
118,2021-05-06,SP,Campinas/SP,3509502,22,3098,305,78410,253.262,6410.042,0.040
118,2021-05-07,SP,Campinas/SP,3509502,12,3110,414,78824,254.243,6443.886,0.039
118,2021-05-08,SP,Campinas/SP,3509502,19,3129,277,79101,255.797,6466.531,0.040
119,2021-05-09,SP,Campinas/SP,3509502,0,3129,45,79146,255.797,6470.210,0.040
119,2021-05-10,SP,Campinas/SP,3509502,0,3129,20,79166,255.797,6471.845,0.040
119,2021-05-11,SP,Campinas/SP,3509502,31,3160,302,79468,258.331,6496.533,0.040
119,2021-05-12,SP,Campinas/SP,3509502,14,3174,185,79653,259.475,6511.657,0.040
119,2021-05-13,SP,Campinas/SP,3509502,10,3184,186,79839,260.293,6526.863,0.040
119,2021-05-14,SP,Campinas/SP,3509502,9,3193,327,80166,261.029,6553.595,0.040
119,2021-05-15,SP,Campinas/SP,3509502,8,3201,530,80696,261.683,6596.923,0.040
120,2021-05-16,SP,Campinas/SP,3509502,0,3201,0,80696,261.683,6596.923,0.040
120,2021-05-17,SP,Campinas/SP,3509502,0,3201,71,80767,261.683,6602.727,0.040
120,2021-05-18,SP,Campinas/SP,3509502,17,3218,448,81215,263.072,6639.351,0.040
120,2021-05-19,SP,Campinas/SP,3509502,13,3231,311,81526,264.135,6664.776,0.040
120,2021-05-20,SP,Campinas/SP,3509502,10,3241,336,81862,264.953,6692.244,0.040
120,2021-05-21,SP,Campinas/SP,3509502,11,3252,256,82118,265.852,6713.172,0.040
120,2021-05-22,SP,Campinas/SP,3509502,11,3263,569,82687,266.751,6759.688,0.039
121,2021-05-23,SP,Campinas/SP,3509502,2,3265,192,82879,266.915,6775.384,0.039
121,2021-05-24,SP,Campinas/SP,3509502,1,3266,76,82955,266.997,6781.597,0.039
121,2021-05-25,SP,Campinas/SP,3509502,25,3291,387,83342,269.040,6813.234,0.039
121,2021-05-26,SP,Campinas/SP,3509502,17,3308,221,83563,270.430,6831.301,0.040
121,2021-05-27,SP,Campinas/SP,3509502,8,3316,242,83805,271.084,6851.084,0.040
121,2021-05-28,SP,Campinas/SP,3509502,-1,3315,24,83829,271.002,6853.046,0.040
121,2021-05-29,SP,Campinas/SP,3509502,12,3327,282,84111,271.983,6876.100,0.040
122,2021-05-30,SP,Campinas/SP,3509502,0,3327,85,84196,271.983,6883.049,0.040
122,2021-05-31,SP,Campinas/SP,3509502,2,3329,40,84236,272.147,6886.319,0.040
122,2021-06-01,SP,Campinas/SP,3509502,0,3329,0,84236,272.147,6886.319,0.040
122,2021-06-02,SP,Campinas/SP,3509502,31,3360,878,85114,274.681,6958.096,0.039
122,2021-06-03,SP,Campinas/SP,3509502,13,3373,286,85400,275.744,6981.476,0.039
122,2021-06-04,SP,Campinas/SP,3509502,0,3373,75,85475,275.744,6987.607,0.039
122,2021-06-05,SP,Campinas/SP,3509502,8,3381,285,85760,276.398,7010.906,0.039
123,2021-06-06,SP,Campinas/SP,3509502,4,3385,45,85805,276.725,7014.585,0.039
123,2021-06-07,SP,Campinas/SP,3509502,0,3385,71,85876,276.725,7020.389,0.039
123,2021-06-08,SP,Campinas/SP,3509502,23,3408,218,86094,278.605,7038.211,0.040
123,2021-06-09,SP,Campinas/SP,3509502,20,3428,69,86163,280.240,7043.852,0.040
123,2021-06-10,SP,Campinas/SP,3509502,24,3452,518,86681,282.202,7086.198,0.040
123,2021-06-11,SP,Campinas/SP,3509502,20,3472,425,87106,283.837,7120.942,0.040
123,2021-06-12,SP,Campinas/SP,3509502,9,3481,417,87523,284.573,7155.032,0.040
124,2021-06-13,SP,Campinas/SP,3509502,2,3483,105,87628,284.736,7163.616,0.040
124,2021-06-14,SP,Campinas/SP,3509502,0,3483,0,87628,284.736,7163.616,0.040
124,2021-06-15,SP,Campinas/SP,3509502,20,3503,712,88340,286.371,7221.822,0.040
124,2021-06-16,SP,Campinas/SP,3509502,18,3521,504,88844,287.843,7263.024,0.040
124,2021-06-17,SP,Campinas/SP,3509502,0,3521,0,88844,287.843,7263.024,0.040
124,2021-06-18,SP,Campinas/SP,3509502,39,3560,1012,89856,291.031,7345.756,0.040
124,2021-06-19,SP,Campinas/SP,3509502,27,3587,583,90439,293.238,7393.416,0.040
125,2021-06-20,SP,Campinas/SP,3509502,4,3591,153,90592,293.565,7405.924,0.040
125,2021-06-21,SP,Campinas/SP,3509502,2,3593,142,90734,293.729,7417.532,0.040
125,2021-06-22,SP,Campinas/SP,3509502,22,3615,541,91275,295.527,7461.759,0.040
125,2021-06-23,SP,Campinas/SP,3509502,21,3636,507,91782,297.244,7503.207,0.040
125,2021-06-24,SP,Campinas/SP,3509502,15,3651,476,92258,298.470,7542.120,0.040
125,2021-06-25,SP,Campinas/SP,3509502,21,3672,481,92739,300.187,7581.442,0.040
125,2021-06-26,SP,Campinas/SP,3509502,16,3688,521,93260,301.495,7624.034,0.040
126,2021-06-27,SP,Campinas/SP,3509502,2,3690,168,93428,301.659,7637.768,0.039
126,2021-06-28,SP,Campinas/SP,3509502,2,3692,63,93491,301.822,7642.918,0.039
126,2021-06-29,SP,Campinas/SP,3509502,0,3692,0,93491,301.822,7642.918,0.039
126,2021-06-30,SP,Campinas/SP,3509502,45,3737,772,94263,305.501,7706.029,0.040
126,2021-07-01,SP,Campinas/SP,3509502,23,3760,395,94658,307.381,7738.321,0.040
126,2021-07-02,SP,Campinas/SP,3509502,20,3780,588,95246,309.016,7786.390,0.040
126,2021-07-03,SP,Campinas/SP,3509502,8,3788,413,95659,309.670,7820.153,0.040
127,2021-07-04,SP,Campinas/SP,3509502,1,3789,57,95716,309.752,7824.812,0.040
127,2021-07-05,SP,Campinas/SP,3509502,2,3791,77,95793,309.915,7831.107,0.040
127,2021-07-06,SP,Campinas/SP,3509502,27,3818,527,96320,312.123,7874.190,0.040
127,2021-07-07,SP,Campinas/SP,3509502,20,3838,365,96685,313.758,7904.028,0.040
127,2021-07-08,SP,Campinas/SP,3509502,15,3853,306,96991,314.984,7929.044,0.040
127,2021-07-09,SP,Campinas/SP,3509502,13,3866,408,97399,316.047,7962.398,0.040
127,2021-07-10,SP,Campinas/SP,3509502,3,3869,108,97507,316.292,7971.227,0.040
128,2021-07-11,SP,Campinas/SP,3509502,1,3870,64,97571,316.374,7976.459,0.040
128,2021-07-12,SP,Campinas/SP,3509502,0,3870,65,97636,316.374,7981.773,0.040
128,2021-07-13,SP,Campinas/SP,3509502,40,3910,239,97875,319.644,8001.311,0.040
128,2021-07-14,SP,Campinas/SP,3509502,13,3923,408,98283,320.706,8034.665,0.040
128,2021-07-15,SP,Campinas/SP,3509502,13,3936,278,98561,321.769,8057.392,0.040
128,2021-07-16,SP,Campinas/SP,3509502,6,3942,404,98965,322.260,8090.419,0.040
128,2021-07-17,SP,Campinas/SP,3509502,22,3964,581,99546,324.058,8137.916,0.040
129,2021-07-18,SP,Campinas/SP,3509502,0,3964,57,99603,324.058,8142.576,0.040
129,2021-07-19,SP,Campinas/SP,3509502,4,3968,37,99640,324.385,8145.601,0.040
129,2021-07-20,SP,Campinas/SP,3509502,27,3995,102,99742,326.592,8153.939,0.040
129,2021-07-21,SP,Campinas/SP,3509502,9,4004,451,100193,327.328,8190.808,0.040
129,2021-07-22,SP,Campinas/SP,3509502,17,4021,407,100600,328.718,8224.081,0.040
129,2021-07-23,SP,Campinas/SP,3509502,6,4027,380,100980,329.208,8255.146,0.040
129,2021-07-24,SP,Campinas/SP,3509502,0,4027,0,100980,329.208,8255.146,0.040
130,2021-07-25,SP,Campinas/SP,3509502,15,4042,317,101297,330.435,8281.061,0.040
130,2021-07-26,SP,Campinas/SP,3509502,0,4042,0,101297,330.435,8281.061,0.040
130,2021-07-27,SP,Campinas/SP,3509502,10,4052,373,101670,331.252,8311.554,0.040
130,2021-07-28,SP,Campinas/SP,3509502,0,4052,0,101670,331.252,8311.554,0.040
130,2021-07-29,SP,Campinas/SP,3509502,0,4052,0,101670,331.252,8311.554,0.040
130,2021-07-30,SP,Campinas/SP,3509502,36,4088,1063,102733,334.195,8398.454,0.040
130,2021-07-31,SP,Campinas/SP,3509502,9,4097,309,103042,334.931,8423.715,0.040
131,2021-08-01,SP,Campinas/SP,3509502,2,4099,63,103105,335.095,8428.865,0.040
131,2021-08-02,SP,Campinas/SP,3509502,0,4099,57,103162,335.095,8433.525,0.040
131,2021-08-03,SP,Campinas/SP,3509502,14,4113,480,103642,336.239,8472.765,0.040
131,2021-08-04,SP,Campinas/SP,3509502,18,4131,515,104157,337.711,8514.867,0.040
131,2021-08-05,SP,Campinas/SP,3509502,0,4131,0,104157,337.711,8514.867,0.040
131,2021-08-06,SP,Campinas/SP,3509502,15,4146,472,104629,338.937,8553.453,0.040
131,2021-08-07,SP,Campinas/SP,3509502,0,4146,0,104629,338.937,8553.453,0.040
132,2021-08-08,SP,Campinas/SP,3509502,0,4146,0,104629,338.937,8553.453,0.040
132,2021-08-09,SP,Campinas/SP,3509502,8,4154,385,105014,339.591,8584.927,0.040
132,2021-08-10,SP,Campinas/SP,3509502,16,4170,335,105349,340.899,8612.313,0.040
132,2021-08-11,SP,Campinas/SP,3509502,12,4182,253,105602,341.880,8632.996,0.040
132,2021-08-12,SP,Campinas/SP,3509502,13,4195,325,105927,342.943,8659.565,0.040
132,2021-08-13,SP,Campinas/SP,3509502,3,4198,299,106226,343.188,8684.008,0.040
132,2021-08-14,SP,Campinas/SP,3509502,21,4219,300,106526,344.905,8708.533,0.040
133,2021-08-15,SP,Campinas/SP,3509502,5,4224,191,106717,345.313,8724.147,0.040
133,2021-08-16,SP,Campinas/SP,3509502,0,4224,14,106731,345.313,8725.292,0.040
133,2021-08-17,SP,Campinas/SP,3509502,18,4242,272,107003,346.785,8747.528,0.040
133,2021-08-18,SP,Campinas/SP,3509502,7,4249,181,107184,347.357,8762.325,0.040
133,2021-08-19,SP,Campinas/SP,3509502,6,4255,241,107425,347.848,8782.027,0.040
133,2021-08-20,SP,Campinas/SP,3509502,6,4261,204,107629,348.338,8798.704,0.040
133,2021-08-21,SP,Campinas/SP,3509502,0,4261,0,107629,348.338,8798.704,0.040
134,2021-08-22,SP,Campinas/SP,3509502,0,4261,0,107629,348.338,8798.704,0.040
134,2021-08-23,SP,Campinas/SP,3509502,13,4274,371,108000,349.401,8829.033,0.040
134,2021-08-24,SP,Campinas/SP,3509502,7,4281,282,108282,349.973,8852.087,0.040
134,2021-08-25,SP,Campinas/SP,3509502,20,4301,180,108462,351.608,8866.802,0.040
134,2021-08-26,SP,Campinas/SP,3509502,10,4311,228,108690,352.426,8885.441,0.040
134,2021-08-27,SP,Campinas/SP,3509502,8,4319,407,109097,353.080,8918.713,0.040
134,2021-08-28,SP,Campinas/SP,3509502,0,4319,0,109097,353.080,8918.713,0.040
135,2021-08-29,SP,Campinas/SP,3509502,8,4327,263,109360,353.734,8940.214,0.040
135,2021-08-30,SP,Campinas/SP,3509502,0,4327,38,109398,353.734,8943.320,0.040
135,2021-08-31,SP,Campinas/SP,3509502,9,4336,230,109628,354.469,8962.123,0.040
135,2021-09-01,SP,Campinas/SP,3509502,10,4346,181,109809,355.287,8976.919,0.040
135,2021-09-02,SP,Campinas/SP,3509502,6,4352,234,110043,355.777,8996.049,0.040
135,2021-09-03,SP,Campinas/SP,3509502,20,4372,232,110275,357.412,9015.015,0.040
135,2021-09-04,SP,Campinas/SP,3509502,0,4372,0,110275,357.412,9015.015,0.040
136,2021-09-05,SP,Campinas/SP,3509502,6,4378,401,110676,357.903,9047.797,0.040
136,2021-09-06,SP,Campinas/SP,3509502,0,4378,60,110736,357.903,9052.702,0.040
136,2021-09-07,SP,Campinas/SP,3509502,2,4380,164,110900,358.066,9066.109,0.039
136,2021-09-08,SP,Campinas/SP,3509502,0,4380,133,111033,358.066,9076.982,0.039
136,2021-09-09,SP,Campinas/SP,3509502,11,4391,41,111074,358.966,9080.334,0.040
136,2021-09-10,SP,Campinas/SP,3509502,12,4403,22,111096,359.947,9082.132,0.040
136,2021-09-11,SP,Campinas/SP,3509502,0,4403,0,111096,359.947,9082.132,0.040
137,2021-09-12,SP,Campinas/SP,3509502,10,4413,37,111133,360.764,9085.157,0.040
137,2021-09-13,SP,Campinas/SP,3509502,3,4416,5,111138,361.009,9085.566,0.040
137,2021-09-14,SP,Campinas/SP,3509502,9,4425,73,111211,361.745,9091.533,0.040
137,2021-09-15,SP,Campinas/SP,3509502,12,4437,56,111267,362.726,9096.111,0.040
137,2021-09-16,SP,Campinas/SP,3509502,0,4437,0,111267,362.726,9096.111,0.040
137,2021-09-17,SP,Campinas/SP,3509502,0,4437,0,111267,362.726,9096.111,0.040
137,2021-09-18,SP,Campinas/SP,3509502,0,4437,0,111267,362.726,9096.111,0.040
138,2021-09-19,SP,Campinas/SP,3509502,9,4446,1018,112285,363.462,9179.333,0.040
138,2021-09-20,SP,Campinas/SP,3509502,0,4446,0,112285,363.462,9179.333,0.040
138,2021-09-21,SP,Campinas/SP,3509502,3,4449,207,112492,363.707,9196.256,0.040
138,2021-09-22,SP,Campinas/SP,3509502,12,4461,132,112624,364.688,9207.047,0.040
138,2021-09-23,SP,Campinas/SP,3509502,3,4464,121,112745,364.933,9216.938,0.040
138,2021-09-24,SP,Campinas/SP,3509502,3,4467,28,112773,365.179,9219.227,0.040
138,2021-09-25,SP,Campinas/SP,3509502,0,4467,0,112773,365.179,9219.227,0.040
139,2021-09-26,SP,Campinas/SP,3509502,0,4467,0,112773,365.179,9219.227,0.040
139,2021-09-27,SP,Campinas/SP,3509502,0,4467,0,112773,365.179,9219.227,0.040
139,2021-09-28,SP,Campinas/SP,3509502,17,4484,151,112924,366.568,9231.572,0.040
139,2021-09-29,SP,Campinas/SP,3509502,1,4485,74,112998,366.650,9237.621,0.040
139,2021-09-30,SP,Campinas/SP,3509502,0,4485,0,112998,366.650,9237.621,0.040
139,2021-10-01,SP,Campinas/SP,3509502,9,4494,181,113179,367.386,9252.418,0.040
139,2021-10-02,SP,Campinas/SP,3509502,0,4494,0,113179,367.386,9252.418,0.040
140,2021-10-03,SP,Campinas/SP,3509502,0,4494,0,113179,367.386,9252.418,0.040
140,2021-10-04,SP,Campinas/SP,3509502,0,4494,0,113179,367.386,9252.418,0.040
140,2021-10-05,SP,Campinas/SP,3509502,0,4494,0,113179,367.386,9252.418,0.040
140,2021-10-06,SP,Campinas/SP,3509502,0,4494,0,113179,367.386,9252.418,0.040
140,2021-10-07,SP,Campinas/SP,3509502,0,4494,0,113179,367.386,9252.418,0.040
140,2021-10-08,SP,Campinas/SP,3509502,0,4494,0,113179,367.386,9252.418,0.040
140,2021-10-09,SP,Campinas/SP,3509502,0,4494,0,113179,367.386,9252.418,0.040
141,2021-10-10,SP,Campinas/SP,3509502,0,4494,0,113179,367.386,9252.418,0.040
141,2021-10-11,SP,Campinas/SP,3509502,0,4494,0,113179,367.386,9252.418,0.040
141,2021-10-12,SP,Campinas/SP,3509502,26,4520,576,113755,369.511,9299.506,0.040
141,2021-10-13,SP,Campinas/SP,3509502,0,4520,2,113757,369.511,9299.670,0.040
141,2021-10-14,SP,Campinas/SP,3509502,9,4529,41,113798,370.247,9303.021,0.040
141,2021-10-15,SP,Campinas/SP,3509502,4,4533,63,113861,370.574,9308.172,0.040
141,2021-10-16,SP,Campinas/SP,3509502,0,4533,0,113861,370.574,9308.172,0.040
142,2021-10-17,SP,Campinas/SP,3509502,0,4533,0,113861,370.574,9308.172,0.040
142,2021-10-18,SP,Campinas/SP,3509502,3,4536,65,113926,370.819,9313.485,0.040
142,2021-10-19,SP,Campinas/SP,3509502,7,4543,64,113990,371.392,9318.717,0.040
142,2021-10-20,SP,Campinas/SP,3509502,2,4545,62,114052,371.555,9323.786,0.040
142,2021-10-21,SP,Campinas/SP,3509502,3,4548,43,114095,371.800,9327.301,0.040
142,2021-10-22,SP,Campinas/SP,3509502,0,4548,34,114129,371.800,9330.081,0.040
142,2021-10-23,SP,Campinas/SP,3509502,0,4548,0,114129,371.800,9330.081,0.040
143,2021-10-24,SP,Campinas/SP,3509502,0,4548,0,114129,371.800,9330.081,0.040
143,2021-10-25,SP,Campinas/SP,3509502,4,4552,36,114165,372.127,9333.024,0.040
143,2021-10-26,SP,Campinas/SP,3509502,3,4555,82,114247,372.373,9339.727,0.040
143,2021-10-27,SP,Campinas/SP,3509502,3,4558,176,114423,372.618,9354.115,0.040
143,2021-10-28,SP,Campinas/SP,3509502,2,4560,260,114683,372.781,9375.370,0.040
143,2021-10-29,SP,Campinas/SP,3509502,5,4565,97,114780,373.190,9383.300,0.040
143,2021-10-30,SP,Campinas/SP,3509502,0,4565,0,114780,373.190,9383.300,0.040
144,2021-10-31,SP,Campinas/SP,3509502,0,4565,0,114780,373.190,9383.300,0.040
144,2021-11-01,SP,Campinas/SP,3509502,0,4565,0,114780,373.190,9383.300,0.040
144,2021-11-02,SP,Campinas/SP,3509502,0,4565,0,114780,373.190,9383.300,0.040
144,2021-11-03,SP,Campinas/SP,3509502,2,4567,1242,116022,373.354,9484.834,0.039
144,2021-11-04,SP,Campinas/SP,3509502,0,4567,0,116022,373.354,9484.834,0.039
144,2021-11-05,SP,Campinas/SP,3509502,0,4567,0,116022,373.354,9484.834,0.039
144,2021-11-06,SP,Campinas/SP,3509502,0,4567,0,116022,373.354,9484.834,0.039
145,2021-11-07,SP,Campinas/SP,3509502,11,4578,164,116186,374.253,9498.241,0.039
145,2021-11-08,SP,Campinas/SP,3509502,0,4578,0,116186,374.253,9498.241,0.039
145,2021-11-09,SP,Campinas/SP,3509502,0,4578,20,116206,374.253,9499.876,0.039
145,2021-11-10,SP,Campinas/SP,3509502,0,4578,0,116206,374.253,9499.876,0.039
145,2021-11-11,SP,Campinas/SP,3509502,0,4578,124,116330,374.253,9510.013,0.039
145,2021-11-12,SP,Campinas/SP,3509502,0,4578,0,116330,374.253,9510.013,0.039
145,2021-11-13,SP,Campinas/SP,3509502,0,4578,0,116330,374.253,9510.013,0.039
146,2021-11-14,SP,Campinas/SP,3509502,0,4578,0,116330,374.253,9510.013,0.039
146,2021-11-15,SP,Campinas/SP,3509502,0,4578,0,116330,374.253,9510.013,0.039
146,2021-11-16,SP,Campinas/SP,3509502,0,4578,0,116330,374.253,9510.013,0.039
146,2021-11-17,SP,Campinas/SP,3509502,0,4578,0,116330,374.253,9510.013,0.039
146,2021-11-18,SP,Campinas/SP,3509502,23,4601,497,116827,376.133,9550.643,0.039
146,2021-11-19,SP,Campinas/SP,3509502,0,4601,0,116827,376.133,9550.643,0.039
146,2021-11-20,SP,Campinas/SP,3509502,0,4601,0,116827,376.133,9550.643,0.039
147,2021-11-21,SP,Campinas/SP,3509502,0,4601,0,116827,376.133,9550.643,0.039
147,2021-11-22,SP,Campinas/SP,3509502,0,4601,0,116827,376.133,9550.643,0.039
147,2021-11-23,SP,Campinas/SP,3509502,5,4606,87,116914,376.542,9557.755,0.039
147,2021-11-24,SP,Campinas/SP,3509502,1,4607,17,116931,376.624,9559.145,0.039
147,2021-11-25,SP,Campinas/SP,3509502,0,4607,0,116931,376.624,9559.145,0.039
147,2021-11-26,SP,Campinas/SP,3509502,0,4607,0,116931,376.624,9559.145,0.039
147,2021-11-27,SP,Campinas/SP,3509502,0,4607,0,116931,376.624,9559.145,0.039
148,2021-11-28,SP,Campinas/SP,3509502,0,4607,0,116931,376.624,9559.145,0.039
148,2021-11-29,SP,Campinas/SP,3509502,0,4607,0,116931,376.624,9559.145,0.039
148,2021-11-30,SP,Campinas/SP,3509502,0,4607,0,116931,376.624,9559.145,0.039
148,2021-12-01,SP,Campinas/SP,3509502,0,4607,0,116931,376.624,9559.145,0.039
148,2021-12-02,SP,Campinas/SP,3509502,0,4607,0,116931,376.624,9559.145,0.039
148,2021-12-03,SP,Campinas/SP,3509502,0,4607,0,116931,376.624,9559.145,0.039
148,2021-12-04,SP,Campinas/SP,3509502,0,4607,0,116931,376.624,9559.145,0.039
149,2021-12-05,SP,Campinas/SP,3509502,0,4607,0,116931,376.624,9559.145,0.039
149,2021-12-06,SP,Campinas/SP,3509502,11,4618,230,117161,377.523,9577.948,0.039
149,2021-12-07,SP,Campinas/SP,3509502,1,4619,16,117177,377.605,9579.256,0.039
149,2021-12-08,SP,Campinas/SP,3509502,4,4623,11,117188,377.932,9580.155,0.039
149,2021-12-09,SP,Campinas/SP,3509502,0,4623,7,117195,377.932,9580.727,0.039
149,2021-12-10,SP,Campinas/SP,3509502,3,4626,15,117210,378.177,9581.953,0.039
149,2021-12-11,SP,Campinas/SP,3509502,0,4626,0,117210,378.177,9581.953,0.039
150,2021-12-12,SP,Campinas/SP,3509502,0,4626,0,117210,378.177,9581.953,0.039
150,2021-12-13,SP,Campinas/SP,3509502,0,4626,0,117210,378.177,9581.953,0.039
150,2021-12-14,SP,Campinas/SP,3509502,0,4626,0,117210,378.177,9581.953,0.039
150,2021-12-15,SP,Campinas/SP,3509502,-1,4625,11,117221,378.095,9582.853,0.039
150,2021-12-16,SP,Campinas/SP,3509502,0,4625,0,117221,378.095,9582.853,0.039
150,2021-12-17,SP,Campinas/SP,3509502,5,4630,44,117265,378.504,9586.450,0.039
150,2021-12-18,SP,Campinas/SP,3509502,0,4630,14,117279,378.504,9587.594,0.039
151,2021-12-19,SP,Campinas/SP,3509502,0,4630,0,117279,378.504,9587.594,0.039
151,2021-12-20,SP,Campinas/SP,3509502,0,4630,-1,117278,378.504,9587.512,0.039
151,2021-12-21,SP,Campinas/SP,3509502,0,4630,0,117278,378.504,9587.512,0.039
151,2021-12-22,SP,Campinas/SP,3509502,-1,4629,-2,117276,378.422,9587.349,0.039
151,2021-12-23,SP,Campinas/SP,3509502,1,4630,-2,117274,378.504,9587.185,0.039
151,2021-12-24,SP,Campinas/SP,3509502,0,4630,2,117276,378.504,9587.349,0.039
151,2021-12-25,SP,Campinas/SP,3509502,0,4630,0,117276,378.504,9587.349,0.039
152,2021-12-26,SP,Campinas/SP,3509502,0,4630,-2,117274,378.504,9587.185,0.039
152,2021-12-27,SP,Campinas/SP,3509502,0,4630,0,117274,378.504,9587.185,0.039
152,2021-12-28,SP,Campinas/SP,3509502,0,4630,16,117290,378.504,9588.493,0.039
152,2021-12-29,SP,Campinas/SP,3509502,0,4630,0,117290,378.504,9588.493,0.039
152,2021-12-30,SP,Campinas/SP,3509502,2,4632,106,117396,378.667,9597.159,0.039
152,2021-12-31,SP,Campinas/SP,3509502,0,4632,18,117414,378.667,9598.631,0.039
152,2022-01-01,SP,Campinas/SP,3509502,0,4632,-1,117413,378.667,9598.549,0
201,2022-01-02,SP,Campinas/SP,3509502,0,4632,2,117415,378.667,9598.712,0.039
201,2022-01-03,SP,Campinas/SP,3509502,0,4632,1,117416,378.667,9598.794,0.039
201,2022-01-04,SP,Campinas/SP,3509502,1,4633,35,117451,378.749,9601.655,0.039
201,2022-01-05,SP,Campinas/SP,3509502,0,4633,113,117564,378.749,9610.893,0.039
201,2022-01-06,SP,Campinas/SP,3509502,1,4634,23,117587,378.831,9612.773,0.039
201,2022-01-07,SP,Campinas/SP,3509502,0,4634,126,117713,378.831,9623.074,0.039
201,2022-01-08,SP,Campinas/SP,3509502,0,4634,152,117865,378.831,9635.500,0.039
202,2022-01-09,SP,Campinas/SP,3509502,0,4634,43,117908,378.831,9639.015,0.039
202,2022-01-10,SP,Campinas/SP,3509502,0,4634,44,117952,378.831,9642.612,0.039
202,2022-01-11,SP,Campinas/SP,3509502,0,4634,145,118097,378.831,9654.466,0.039
202,2022-01-12,SP,Campinas/SP,3509502,1,4635,102,118199,378.913,9662.805,0.039
202,2022-01-13,SP,Campinas/SP,3509502,2,4637,151,118350,379.076,9675.149,0.039
202,2022-01-14,SP,Campinas/SP,3509502,4,4641,361,118711,379.403,9704.661,0.039
202,2022-01-15,SP,Campinas/SP,3509502,0,4641,6,118717,379.403,9705.151,0.039
203,2022-01-16,SP,Campinas/SP,3509502,0,4641,11,118728,379.403,9706.050,0.039
203,2022-01-17,SP,Campinas/SP,3509502,0,4641,2,118730,379.403,9706.214,0.039
203,2022-01-18,SP,Campinas/SP,3509502,4,4645,327,119057,379.730,9732.946,0.039
203,2022-01-19,SP,Campinas/SP,3509502,2,4647,346,119403,379.894,9761.232,0.039
203,2022-01-20,SP,Campinas/SP,3509502,8,4655,465,119868,380.548,9799.246,0.039
203,2022-01-21,SP,Campinas/SP,3509502,3,4658,317,120185,380.793,9825.161,0.039
203,2022-01-22,SP,Campinas/SP,3509502,0,4658,0,120185,380.793,9825.161,0.039
204,2022-01-23,SP,Campinas/SP,3509502,6,4664,377,120562,381.283,9855.980,0.039
204,2022-01-24,SP,Campinas/SP,3509502,1,4665,34,120596,381.365,9858.760,0.039
204,2022-01-25,SP,Campinas/SP,3509502,3,4668,417,121013,381.610,9892.850,0.039
204,2022-01-26,SP,Campinas/SP,3509502,3,4671,207,121220,381.856,9909.772,0.039
204,2022-01-27,SP,Campinas/SP,3509502,8,4679,146,121366,382.510,9921.708,0.039
204,2022-01-28,SP,Campinas/SP,3509502,7,4686,244,121610,383.082,9941.655,0.039
204,2022-01-29,SP,Campinas/SP,3509502,11,4697,209,121819,383.981,9958.741,0.039
205,2022-01-30,SP,Campinas/SP,3509502,1,4698,1281,123100,384.063,10063.463,0.038
205,2022-01-31,SP,Campinas/SP,3509502,0,4698,0,123100,384.063,10063.463,0.038
205,2022-02-01,SP,Campinas/SP,3509502,12,4710,649,123749,385.044,10116.519,0.038
205,2022-02-02,SP,Campinas/SP,3509502,13,4723,45,123794,386.107,10120.197,0.038
205,2022-02-03,SP,Campinas/SP,3509502,12,4735,2101,125895,387.088,10291.955,0.038
205,2022-02-04,SP,Campinas/SP,3509502,0,4735,0,125895,387.088,10291.955,0.038
205,2022-02-05,SP,Campinas/SP,3509502,22,4757,1135,127030,388.886,10384.741,0.037
206,2022-02-06,SP,Campinas/SP,3509502,2,4759,13,127043,389.050,10385.804,0.037
206,2022-02-07,SP,Campinas/SP,3509502,0,4759,19,127062,389.050,10387.357,0.037
206,2022-02-08,SP,Campinas/SP,3509502,22,4781,460,127522,390.848,10424.963,0.037
206,2022-02-09,SP,Campinas/SP,3509502,20,4801,150,127672,392.483,10437.225,0.038
206,2022-02-10,SP,Campinas/SP,3509502,13,4814,93,127765,393.546,10444.828,0.038
206,2022-02-11,SP,Campinas/SP,3509502,17,4831,366,128131,394.936,10474.749,0.038
206,2022-02-12,SP,Campinas/SP,3509502,17,4848,290,128421,396.325,10498.456,0.038
207,2022-02-13,SP,Campinas/SP,3509502,4,4852,95,128516,396.652,10506.222,0.038
207,2022-02-14,SP,Campinas/SP,3509502,0,4852,14,128530,396.652,10507.367,0.038
207,2022-02-15,SP,Campinas/SP,3509502,14,4866,294,128824,397.797,10531.402,0.038
207,2022-02-16,SP,Campinas/SP,3509502,5,4871,675,129499,398.206,10586.583,0.038
207,2022-02-17,SP,Campinas/SP,3509502,6,4877,635,130134,398.696,10638.494,0.037
207,2022-02-18,SP,Campinas/SP,3509502,3,4880,167,130301,398.941,10652.147,0.037
207,2022-02-19,SP,Campinas/SP,3509502,6,4886,463,130764,399.432,10689.997,0.037
208,2022-02-20,SP,Campinas/SP,3509502,1,4887,38,130802,399.514,10693.104,0.037
208,2022-02-21,SP,Campinas/SP,3509502,0,4887,1,130803,399.514,10693.185,0.037
208,2022-02-22,SP,Campinas/SP,3509502,7,4894,290,131093,400.086,10716.893,0.037
208,2022-02-23,SP,Campinas/SP,3509502,12,4906,304,131397,401.067,10741.745,0.037
208,2022-02-24,SP,Campinas/SP,3509502,6,4912,250,131647,401.558,10762.183,0.037
208,2022-02-25,SP,Campinas/SP,3509502,5,4917,125,131772,401.966,10772.401,0.037
208,2022-02-26,SP,Campinas/SP,3509502,18,4935,132,131904,403.438,10783.192,0.037
209,2022-02-27,SP,Campinas/SP,3509502,0,4935,7,131911,403.438,10783.765,0.037
209,2022-02-28,SP,Campinas/SP,3509502,0,4935,1,131912,403.438,10783.846,0.037
209,2022-03-01,SP,Campinas/SP,3509502,1,4936,11,131923,403.520,10784.746,0.037
209,2022-03-02,SP,Campinas/SP,3509502,0,4936,4,131927,403.520,10785.073,0.037
209,2022-03-03,SP,Campinas/SP,3509502,10,4946,84,132011,404.337,10791.940,0.037
209,2022-03-04,SP,Campinas/SP,3509502,9,4955,417,132428,405.073,10826.030,0.037
209,2022-03-05,SP,Campinas/SP,3509502,2,4957,189,132617,405.236,10841.480,0.037
210,2022-03-06,SP,Campinas/SP,3509502,0,4957,14,132631,405.236,10842.625,0.037
210,2022-03-07,SP,Campinas/SP,3509502,0,4957,8,132639,405.236,10843.279,0.037
210,2022-03-08,SP,Campinas/SP,3509502,7,4964,118,132757,405.809,10852.925,0.037
210,2022-03-09,SP,Campinas/SP,3509502,6,4970,96,132853,406.299,10860.774,0.037
210,2022-03-10,SP,Campinas/SP,3509502,5,4975,130,132983,406.708,10871.401,0.037
210,2022-03-11,SP,Campinas/SP,3509502,0,4975,699,133682,406.708,10928.545,0.037
210,2022-03-12,SP,Campinas/SP,3509502,5,4980,818,134500,407.117,10995.416,0.037
211,2022-03-13,SP,Campinas/SP,3509502,0,4980,1315,135815,407.117,11102.918,0.037
211,2022-03-14,SP,Campinas/SP,3509502,5,4985,469,136284,407.525,11141.259,0.037
211,2022-03-15,SP,Campinas/SP,3509502,1,4986,1616,137900,407.607,11273.367,0.036
211,2022-03-16,SP,Campinas/SP,3509502,8,4994,791,138691,408.261,11338.032,0.036
211,2022-03-17,SP,Campinas/SP,3509502,-1,4993,1086,139777,408.179,11426.813,0
211,2022-03-18,SP,Campinas/SP,3509502,4,4997,1077,140854,408.506,11514.858,0.035
211,2022-03-19,SP,Campinas/SP,3509502,3,5000,977,141831,408.752,11594.728,0.035
212,2022-03-20,SP,Campinas/SP,3509502,0,5000,1703,143534,408.752,11733.949,0.035
212,2022-03-21,SP,Campinas/SP,3509502,0,5000,259,143793,408.752,11755.122,0.035
212,2022-03-22,SP,Campinas/SP,3509502,1,5001,1444,145237,408.833,11873.169,0.034
212,2022-03-23,SP,Campinas/SP,3509502,6,5007,1164,146401,409.324,11968.327,0.034
212,2022-03-24,SP,Campinas/SP,3509502,2,5009,1024,147425,409.487,12052.039,0.034
212,2022-03-25,SP,Campinas/SP,3509502,4,5013,928,148353,409.814,12127.903,0.034
212,2022-03-26,SP,Campinas/SP,3509502,1,5014,1124,149477,409.896,12219.791,0.034
213,2022-03-27,SP,Campinas/SP,3509502,0,5014,40,149517,409.896,12223.061,0.034
213,2022-03-28,SP,Campinas/SP,3509502,0,5014,116,149633,409.896,12232.544,0.034
213,2022-03-29,SP,Campinas/SP,3509502,4,5018,461,150094,410.223,12270.231,0.033
213,2022-03-30,SP,Campinas/SP,3509502,2,5020,481,150575,410.387,12309.552,0.033
213,2022-03-31,SP,Campinas/SP,3509502,3,5023,555,151130,410.632,12354.924,0.033
213,2022-04-01,SP,Campinas/SP,3509502,5,5028,477,151607,411.041,12393.919,0.033
213,2022-04-02,SP,Campinas/SP,3509502,4,5032,882,152489,411.368,12466.023,0.033
214,2022-04-03,SP,Campinas/SP,3509502,0,5032,925,153414,411.368,12541.642,0.033
214,2022-04-04,SP,Campinas/SP,3509502,1,5033,69,153483,411.449,12547.282,0.033
214,2022-04-05,SP,Campinas/SP,3509502,2,5035,358,153841,411.613,12576.549,0.033
214,2022-04-06,SP,Campinas/SP,3509502,3,5038,68,153909,411.858,12582.108,0.033
214,2022-04-07,SP,Campinas/SP,3509502,6,5044,117,154026,412.349,12591.673,0.033
214,2022-04-08,SP,Campinas/SP,3509502,6,5050,72,154098,412.839,12597.559,0.033
214,2022-04-09,SP,Campinas/SP,3509502,0,5050,146,154244,412.839,12609.494,0.033
215,2022-04-10,SP,Campinas/SP,3509502,0,5050,8,154252,412.839,12610.148,0.033
215,2022-04-11,SP,Campinas/SP,3509502,0,5050,0,154252,412.839,12610.148,0.033
215,2022-04-12,SP,Campinas/SP,3509502,2,5052,463,154715,413.003,12647.999,0.033
215,2022-04-13,SP,Campinas/SP,3509502,4,5056,206,154921,413.330,12664.839,0.033
215,2022-04-14,SP,Campinas/SP,3509502,3,5059,125,155046,413.575,12675.058,0.033
215,2022-04-15,SP,Campinas/SP,3509502,3,5062,392,155438,413.820,12707.104,0.033
215,2022-04-16,SP,Campinas/SP,3509502,0,5062,0,155438,413.820,12707.104,0.033
216,2022-04-17,SP,Campinas/SP,3509502,0,5062,0,155438,413.820,12707.104,0.033
216,2022-04-18,SP,Campinas/SP,3509502,1,5063,0,155438,413.902,12707.104,0.033
216,2022-04-19,SP,Campinas/SP,3509502,0,5063,0,155438,413.902,12707.104,0.033
216,2022-04-20,SP,Campinas/SP,3509502,1,5064,1009,156447,413.984,12789.590,0.032
216,2022-04-21,SP,Campinas/SP,3509502,0,5064,447,156894,413.984,12826.133,0.032
216,2022-04-22,SP,Campinas/SP,3509502,0,5064,14,156908,413.984,12827.277,0.032
216,2022-04-23,SP,Campinas/SP,3509502,0,5064,3,156911,413.984,12827.522,0.032
217,2022-04-24,SP,Campinas/SP,3509502,0,5064,1,156912,413.984,12827.604,0.032
217,2022-04-25,SP,Campinas/SP,3509502,0,5064,-1,156911,413.984,12827.522,0
217,2022-04-26,SP,Campinas/SP,3509502,0,5064,150,157061,413.984,12839.785,0.032
217,2022-04-27,SP,Campinas/SP,3509502,1,5065,173,157234,414.065,12853.928,0.032
217,2022-04-28,SP,Campinas/SP,3509502,0,5065,181,157415,414.065,12868.725,0.032
217,2022-04-29,SP,Campinas/SP,3509502,2,5067,169,157584,414.229,12882.540,0.032
217,2022-04-30,SP,Campinas/SP,3509502,0,5067,358,157942,414.229,12911.807,0.032
218,2022-05-01,SP,Campinas/SP,3509502,0,5067,1361,159303,414.229,13023.069,0.032
218,2022-05-02,SP,Campinas/SP,3509502,0,5067,420,159723,414.229,13057.404,0.032
218,2022-05-03,SP,Campinas/SP,3509502,2,5069,1274,160997,414.392,13161.554,0.031
218,2022-05-04,SP,Campinas/SP,3509502,3,5072,1052,162049,414.638,13247.555,0.031
218,2022-05-05,SP,Campinas/SP,3509502,0,5072,645,162694,414.638,13300.284,0.031
218,2022-05-06,SP,Campinas/SP,3509502,0,5072,696,163390,414.638,13357.183,0.031
218,2022-05-07,SP,Campinas/SP,3509502,0,5072,428,163818,414.638,13392.172,0.031
219,2022-05-08,SP,Campinas/SP,3509502,0,5072,952,164770,414.638,13469.998,0.031
219,2022-05-09,SP,Campinas/SP,3509502,0,5072,207,164977,414.638,13486.920,0.031
219,2022-05-10,SP,Campinas/SP,3509502,1,5073,458,165435,414.719,13524.362,0.031
219,2022-05-11,SP,Campinas/SP,3509502,4,5077,291,165726,415.046,13548.151,0.031
219,2022-05-12,SP,Campinas/SP,3509502,2,5079,499,166225,415.210,13588.945,0.031
219,2022-05-13,SP,Campinas/SP,3509502,2,5081,514,166739,415.373,13630.964,0.030
219,2022-05-14,SP,Campinas/SP,3509502,0,5081,183,166922,415.373,13645.925,0.030
220,2022-05-15,SP,Campinas/SP,3509502,0,5081,488,167410,415.373,13685.819,0.030
220,2022-05-16,SP,Campinas/SP,3509502,0,5081,484,167894,415.373,13725.386,0.030
220,2022-05-17,SP,Campinas/SP,3509502,1,5082,177,168071,415.455,13739.856,0.030
220,2022-05-18,SP,Campinas/SP,3509502,0,5082,55,168126,415.455,13744.352,0.030
220,2022-05-19,SP,Campinas/SP,3509502,1,5083,17,168143,415.537,13745.742,0.030
220,2022-05-20,SP,Campinas/SP,3509502,0,5083,0,168143,415.537,13745.742,0.030
220,2022-05-21,SP,Campinas/SP,3509502,0,5083,0,168143,415.537,13745.742,0.030
221,2022-05-22,SP,Campinas/SP,3509502,3,5086,460,168603,415.782,13783.347,0.030
221,2022-05-23,SP,Campinas/SP,3509502,0,5086,125,168728,415.782,13793.566,0.030
221,2022-05-24,SP,Campinas/SP,3509502,2,5088,248,168976,415.946,13813.840,0.030
221,2022-05-25,SP,Campinas/SP,3509502,1,5089,315,169291,416.027,13839.591,0.030
221,2022-05-26,SP,Campinas/SP,3509502,1,5090,520,169811,416.109,13882.101,0.030
221,2022-05-27,SP,Campinas/SP,3509502,2,5092,74,169885,416.273,13888.151,0.030
221,2022-05-28,SP,Campinas/SP,3509502,1,5093,252,170137,416.354,13908.752,0.030
222,2022-05-29,SP,Campinas/SP,3509502,0,5093,262,170399,416.354,13930.171,0.030
222,2022-05-30,SP,Campinas/SP,3509502,0,5093,103,170502,416.354,13938.591,0.030
222,2022-05-31,SP,Campinas/SP,3509502,3,5096,480,170982,416.600,13977.831,0.030
222,2022-06-01,SP,Campinas/SP,3509502,2,5098,673,171655,416.763,14032.849,0.030
222,2022-06-02,SP,Campinas/SP,3509502,2,5100,640,172295,416.927,14085.169,0.030
222,2022-06-03,SP,Campinas/SP,3509502,0,5100,0,172295,416.927,14085.169,0.030
222,2022-06-04,SP,Campinas/SP,3509502,0,5100,0,172295,416.927,14085.169,0.030
223,2022-06-05,SP,Campinas/SP,3509502,0,5100,0,172295,416.927,14085.169,0.030
223,2022-06-06,SP,Campinas/SP,3509502,0,5100,0,172295,416.927,14085.169,0.030
223,2022-06-07,SP,Campinas/SP,3509502,4,5104,1696,173991,417.254,14223.818,0.029
223,2022-06-08,SP,Campinas/SP,3509502,0,5104,513,174504,417.254,14265.756,0.029
223,2022-06-09,SP,Campinas/SP,3509502,2,5106,163,174667,417.417,14279.081,0.029
223,2022-06-10,SP,Campinas/SP,3509502,1,5107,236,174903,417.499,14298.374,0.029
223,2022-06-11,SP,Campinas/SP,3509502,0,5107,205,175108,417.499,14315.133,0.029
224,2022-06-12,SP,Campinas/SP,3509502,0,5107,202,175310,417.499,14331.646,0.029
224,2022-06-13,SP,Campinas/SP,3509502,0,5107,7,175317,417.499,14332.219,0.029
224,2022-06-14,SP,Campinas/SP,3509502,0,5107,0,175317,417.499,14332.219,0.029
224,2022-06-15,SP,Campinas/SP,3509502,6,5113,932,176249,417.989,14408.410,0.029
224,2022-06-16,SP,Campinas/SP,3509502,7,5120,187,176436,418.562,14423.697,0.029
224,2022-06-17,SP,Campinas/SP,3509502,0,5120,40,176476,418.562,14426.967,0.029
224,2022-06-18,SP,Campinas/SP,3509502,0,5120,107,176583,418.562,14435.714,0.029
225,2022-06-19,SP,Campinas/SP,3509502,1,5121,24,176607,418.643,14437.676,0.029
225,2022-06-20,SP,Campinas/SP,3509502,0,5121,1,176608,418.643,14437.758,0.029
225,2022-06-21,SP,Campinas/SP,3509502,1,5122,317,176925,418.725,14463.673,0.029
225,2022-06-22,SP,Campinas/SP,3509502,0,5122,199,177124,418.725,14479.941,0.029
225,2022-06-23,SP,Campinas/SP,3509502,10,5132,335,177459,419.543,14507.328,0.029
225,2022-06-24,SP,Campinas/SP,3509502,4,5136,15,177474,419.870,14508.554,0.029
225,2022-06-25,SP,Campinas/SP,3509502,2,5138,810,178284,420.033,14574.772,0.029
226,2022-06-26,SP,Campinas/SP,3509502,0,5138,18,178302,420.033,14576.243,0.029
226,2022-06-27,SP,Campinas/SP,3509502,0,5138,1,178303,420.033,14576.325,0.029
226,2022-06-28,SP,Campinas/SP,3509502,2,5140,375,178678,420.197,14606.981,0.029
226,2022-06-29,SP,Campinas/SP,3509502,1,5141,412,179090,420.278,14640.662,0.029
226,2022-06-30,SP,Campinas/SP,3509502,5,5146,691,179781,420.687,14697.152,0.029
226,2022-07-01,SP,Campinas/SP,3509502,3,5149,300,180081,420.932,14721.677,0.029
226,2022-07-02,SP,Campinas/SP,3509502,3,5152,249,180330,421.178,14742.033,0.029
227,2022-07-03,SP,Campinas/SP,3509502,1,5153,131,180461,421.259,14752.742,0.029
227,2022-07-04,SP,Campinas/SP,3509502,0,5153,1,180462,421.259,14752.824,0.029
227,2022-07-05,SP,Campinas/SP,3509502,5,5158,201,180663,421.668,14769.256,0.029
227,2022-07-06,SP,Campinas/SP,3509502,6,5164,333,180996,422.159,14796.479,0.029
227,2022-07-07,SP,Campinas/SP,3509502,7,5171,610,181606,422.731,14846.346,0.028
227,2022-07-08,SP,Campinas/SP,3509502,2,5173,131,181737,422.894,14857.056,0.028
227,2022-07-09,SP,Campinas/SP,3509502,7,5180,158,181895,423.467,14869.972,0.028
228,2022-07-10,SP,Campinas/SP,3509502,0,5180,16,181911,423.467,14871.280,0.028
228,2022-07-11,SP,Campinas/SP,3509502,0,5180,3,181914,423.467,14871.525,0.028
228,2022-07-12,SP,Campinas/SP,3509502,6,5186,259,182173,423.957,14892.699,0.028
228,2022-07-13,SP,Campinas/SP,3509502,4,5190,322,182495,424.284,14919.022,0.028
228,2022-07-14,SP,Campinas/SP,3509502,2,5192,116,182611,424.448,14928.505,0.028
228,2022-07-15,SP,Campinas/SP,3509502,6,5198,236,182847,424.938,14947.798,0.028
228,2022-07-16,SP,Campinas/SP,3509502,6,5204,255,183102,425.429,14968.645,0.028
229,2022-07-17,SP,Campinas/SP,3509502,1,5205,16,183118,425.510,14969.953,0.028
229,2022-07-18,SP,Campinas/SP,3509502,0,5205,9,183127,425.510,14970.688,0.028
229,2022-07-19,SP,Campinas/SP,3509502,7,5212,316,183443,426.083,14996.522,0.028
229,2022-07-20,SP,Campinas/SP,3509502,2,5214,459,183902,426.246,15034.045,0.028
229,2022-07-21,SP,Campinas/SP,3509502,8,5222,221,184123,426.900,15052.112,0.028
229,2022-07-22,SP,Campinas/SP,3509502,1,5223,230,184353,426.982,15070.914,0.028
229,2022-07-23,SP,Campinas/SP,3509502,3,5226,221,184574,427.227,15088.981,0.028
230,2022-07-24,SP,Campinas/SP,3509502,0,5226,-1,184573,427.227,15088.899,0
230,2022-07-25,SP,Campinas/SP,3509502,0,5226,0,184573,427.227,15088.899,0.028
230,2022-07-26,SP,Campinas/SP,3509502,5,5231,184,184757,427.636,15103.941,0.028
230,2022-07-27,SP,Campinas/SP,3509502,3,5234,311,185068,427.881,15129.366,0.028
230,2022-07-28,SP,Campinas/SP,3509502,2,5236,231,185299,428.045,15148.250,0.028
230,2022-07-29,SP,Campinas/SP,3509502,1,5237,88,185387,428.126,15155.444,0.028
230,2022-07-30,SP,Campinas/SP,3509502,1,5238,202,185589,428.208,15171.958,0.028
231,2022-07-31,SP,Campinas/SP,3509502,0,5238,5,185594,428.208,15172.366,0.028
231,2022-08-01,SP,Campinas/SP,3509502,0,5238,1,185595,428.208,15172.448,0.028
231,2022-08-02,SP,Campinas/SP,3509502,7,5245,228,185823,428.780,15191.087,0.028
231,2022-08-03,SP,Campinas/SP,3509502,1,5246,171,185994,428.862,15205.067,0.028
231,2022-08-04,SP,Campinas/SP,3509502,3,5249,202,186196,429.107,15221.580,0.028
231,2022-08-05,SP,Campinas/SP,3509502,2,5251,178,186374,429.271,15236.132,0.028
231,2022-08-06,SP,Campinas/SP,3509502,2,5253,238,186612,429.434,15255.588,0.028
232,2022-08-07,SP,Campinas/SP,3509502,0,5253,2,186614,429.434,15255.752,0.028
232,2022-08-08,SP,Campinas/SP,3509502,0,5253,0,186614,429.434,15255.752,0.028
232,2022-08-09,SP,Campinas/SP,3509502,2,5255,125,186739,429.598,15265.971,0.028
232,2022-08-10,SP,Campinas/SP,3509502,1,5256,130,186869,429.680,15276.598,0.028
232,2022-08-11,SP,Campinas/SP,3509502,0,5256,135,187004,429.680,15287.634,0.028
232,2022-08-12,SP,Campinas/SP,3509502,4,5260,41,187045,430.007,15290.986,0.028
232,2022-08-13,SP,Campinas/SP,3509502,1,5261,31,187076,430.088,15293.520,0.028
233,2022-08-14,SP,Campinas/SP,3509502,0,5261,3,187079,430.088,15293.766,0.028
233,2022-08-15,SP,Campinas/SP,3509502,0,5261,1,187080,430.088,15293.847,0.028
233,2022-08-16,SP,Campinas/SP,3509502,2,5263,185,187265,430.252,15308.971,0.028
233,2022-08-17,SP,Campinas/SP,3509502,4,5267,106,187371,430.579,15317.637,0.028
233,2022-08-18,SP,Campinas/SP,3509502,0,5267,104,187475,430.579,15326.139,0.028
233,2022-08-19,SP,Campinas/SP,3509502,1,5268,43,187518,430.661,15329.654,0.028
233,2022-08-20,SP,Campinas/SP,3509502,0,5268,226,187744,430.661,15348.130,0.028
234,2022-08-21,SP,Campinas/SP,3509502,0,5268,1,187745,430.661,15348.211,0.028
234,2022-08-22,SP,Campinas/SP,3509502,0,5268,0,187745,430.661,15348.211,0.028
234,2022-08-23,SP,Campinas/SP,3509502,1,5269,107,187852,430.742,15356.959,0.028
234,2022-08-24,SP,Campinas/SP,3509502,1,5270,108,187960,430.824,15365.788,0.028
234,2022-08-25,SP,Campinas/SP,3509502,0,5270,122,188082,430.824,15375.761,0.028
234,2022-08-26,SP,Campinas/SP,3509502,0,5270,28,188110,430.824,15378.050,0.028
234,2022-08-27,SP,Campinas/SP,3509502,2,5272,163,188273,430.988,15391.376,0.028
235,2022-08-28,SP,Campinas/SP,3509502,0,5272,3,188276,430.988,15391.621,0.028
235,2022-08-29,SP,Campinas/SP,3509502,0,5272,0,188276,430.988,15391.621,0.028
235,2022-08-30,SP,Campinas/SP,3509502,1,5273,119,188395,431.069,15401.349,0.028
235,2022-08-31,SP,Campinas/SP,3509502,2,5275,94,188489,431.233,15409.034,0.028
235,2022-09-01,SP,Campinas/SP,3509502,0,5275,58,188547,431.233,15413.775,0.028
235,2022-09-02,SP,Campinas/SP,3509502,3,5278,15,188562,431.478,15415.001,0.028
235,2022-09-03,SP,Campinas/SP,3509502,0,5278,124,188686,431.478,15425.138,0.028
236,2022-09-04,SP,Campinas/SP,3509502,0,5278,313,188999,431.478,15450.726,0.028
236,2022-09-05,SP,Campinas/SP,3509502,0,5278,122,189121,431.478,15460.700,0.028
236,2022-09-06,SP,Campinas/SP,3509502,1,5279,603,189724,431.560,15509.995,0.028
236,2022-09-07,SP,Campinas/SP,3509502,0,5279,467,190191,431.560,15548.173,0.028
236,2022-09-08,SP,Campinas/SP,3509502,0,5279,143,190334,431.560,15559.863,0.028
236,2022-09-09,SP,Campinas/SP,3509502,-1,5278,404,190738,431.478,15592.890,0
236,2022-09-10,SP,Campinas/SP,3509502,2,5280,764,191502,431.642,15655.347,0.028
237,2022-09-11,SP,Campinas/SP,3509502,0,5280,161,191663,431.642,15668.509,0.028
237,2022-09-12,SP,Campinas/SP,3509502,0,5280,0,191663,431.642,15668.509,0.028
237,2022-09-13,SP,Campinas/SP,3509502,2,5282,382,192045,431.805,15699.738,0.028
237,2022-09-14,SP,Campinas/SP,3509502,0,5282,874,192919,431.805,15771.187,0.027
237,2022-09-15,SP,Campinas/SP,3509502,1,5283,864,193783,431.887,15841.820,0.027
237,2022-09-16,SP,Campinas/SP,3509502,0,5283,320,194103,431.887,15867.980,0.027
237,2022-09-17,SP,Campinas/SP,3509502,0,5283,0,194103,431.887,15867.980,0.027
238,2022-09-18,SP,Campinas/SP,3509502,1,5284,579,194682,431.969,15915.313,0.027
238,2022-09-19,SP,Campinas/SP,3509502,0,5284,178,194860,431.969,15929.865,0.027
238,2022-09-20,SP,Campinas/SP,3509502,2,5286,570,195430,432.132,15976.462,0.027
238,2022-09-21,SP,Campinas/SP,3509502,5,5291,209,195639,432.541,15993.548,0.027
238,2022-09-22,SP,Campinas/SP,3509502,1,5292,175,195814,432.623,16007.855,0.027
238,2022-09-23,SP,Campinas/SP,3509502,1,5293,112,195926,432.704,16017.011,0.027
238,2022-09-24,SP,Campinas/SP,3509502,0,5293,49,195975,432.704,16021.016,0.027
239,2022-09-25,SP,Campinas/SP,3509502,1,5294,38,196013,432.786,16024.123,0.027
239,2022-09-26,SP,Campinas/SP,3509502,0,5294,51,196064,432.786,16028.292,0.027
239,2022-09-27,SP,Campinas/SP,3509502,0,5294,162,196226,432.786,16041.536,0.027
239,2022-09-28,SP,Campinas/SP,3509502,0,5294,167,196393,432.786,16055.188,0.027
239,2022-09-29,SP,Campinas/SP,3509502,0,5294,5,196398,432.786,16055.597,0.027
239,2022-09-30,SP,Campinas/SP,3509502,0,5294,464,196862,432.786,16093.529,0.027
239,2022-10-01,SP,Campinas/SP,3509502,5,5299,225,197087,433.195,16111.923,0.027
240,2022-10-02,SP,Campinas/SP,3509502,0,5299,0,197087,433.195,16111.923,0.027
240,2022-10-03,SP,Campinas/SP,3509502,0,5299,0,197087,433.195,16111.923,0.027
240,2022-10-04,SP,Campinas/SP,3509502,0,5299,55,197142,433.195,16116.419,0.027
240,2022-10-05,SP,Campinas/SP,3509502,0,5299,614,197756,433.195,16166.614,0.027
240,2022-10-06,SP,Campinas/SP,3509502,0,5299,208,197964,433.195,16183.618,0.027
240,2022-10-07,SP,Campinas/SP,3509502,1,5300,93,198057,433.277,16191.221,0.027
240,2022-10-08,SP,Campinas/SP,3509502,0,5300,377,198434,433.277,16222.040,0.027
241,2022-10-09,SP,Campinas/SP,3509502,0,5300,0,198434,433.277,16222.040,0.027
241,2022-10-10,SP,Campinas/SP,3509502,0,5300,0,198434,433.277,16222.040,0.027
241,2022-10-11,SP,Campinas/SP,3509502,1,5301,5,198439,433.358,16222.449,0.027
241,2022-10-12,SP,Campinas/SP,3509502,0,5301,334,198773,433.358,16249.754,0.027
241,2022-10-13,SP,Campinas/SP,3509502,0,5301,1,198774,433.358,16249.835,0.027
241,2022-10-14,SP,Campinas/SP,3509502,1,5302,154,198928,433.440,16262.425,0.027
241,2022-10-15,SP,Campinas/SP,3509502,0,5302,0,198928,433.440,16262.425,0.027
242,2022-10-16,SP,Campinas/SP,3509502,0,5302,0,198928,433.440,16262.425,0.027
242,2022-10-17,SP,Campinas/SP,3509502,2,5304,95,199023,433.604,16270.191,0.027
242,2022-10-18,SP,Campinas/SP,3509502,0,5304,13,199036,433.604,16271.254,0.027
242,2022-10-19,SP,Campinas/SP,3509502,0,5304,4,199040,433.604,16271.581,0.027
242,2022-10-20,SP,Campinas/SP,3509502,0,5304,0,199040,433.604,16271.581,0.027
242,2022-10-21,SP,Campinas/SP,3509502,0,5304,0,199040,433.604,16271.581,0.027
242,2022-10-22,SP,Campinas/SP,3509502,0,5304,0,199040,433.604,16271.581,0.027
243,2022-10-23,SP,Campinas/SP,3509502,0,5304,0,199040,433.604,16271.581,0.027
243,2022-10-24,SP,Campinas/SP,3509502,2,5306,505,199545,433.767,16312.865,0.027
243,2022-10-25,SP,Campinas/SP,3509502,1,5307,112,199657,433.849,16322.021,0.027
243,2022-10-26,SP,Campinas/SP,3509502,1,5308,268,199925,433.931,16343.930,0.027
243,2022-10-27,SP,Campinas/SP,3509502,0,5308,184,200109,433.931,16358.972,0.027
243,2022-10-28,SP,Campinas/SP,3509502,2,5310,340,200449,434.094,16386.767,0.026
243,2022-10-29,SP,Campinas/SP,3509502,0,5310,0,200449,434.094,16386.767,0.026
244,2022-10-30,SP,Campinas/SP,3509502,0,5310,0,200449,434.094,16386.767,0.026
244,2022-10-31,SP,Campinas/SP,3509502,0,5310,2,200451,434.094,16386.931,0.026
244,2022-11-01,SP,Campinas/SP,3509502,0,5310,246,200697,434.094,16407.041,0.026
244,2022-11-02,SP,Campinas/SP,3509502,0,5310,0,200697,434.094,16407.041,0.026
244,2022-11-03,SP,Campinas/SP,3509502,-1,5309,231,200928,434.012,16425.926,0
244,2022-11-04,SP,Campinas/SP,3509502,1,5310,17,200945,434.094,16427.315,0.026
244,2022-11-05,SP,Campinas/SP,3509502,0,5310,0,200945,434.094,16427.315,0.026
245,2022-11-06,SP,Campinas/SP,3509502,0,5310,0,200945,434.094,16427.315,0.026
245,2022-11-07,SP,Campinas/SP,3509502,0,5310,7,200952,434.094,16427.888,0.026
245,2022-11-08,SP,Campinas/SP,3509502,1,5311,59,201011,434.176,16432.711,0.026
245,2022-11-09,SP,Campinas/SP,3509502,0,5311,63,201074,434.176,16437.861,0.026
245,2022-11-10,SP,Campinas/SP,3509502,0,5311,127,201201,434.176,16448.243,0.026
245,2022-11-11,SP,Campinas/SP,3509502,0,5311,320,201521,434.176,16474.404,0.026
245,2022-11-12,SP,Campinas/SP,3509502,0,5311,0,201521,434.176,16474.404,0.026
246,2022-11-13,SP,Campinas/SP,3509502,0,5311,0,201521,434.176,16474.404,0.026
246,2022-11-14,SP,Campinas/SP,3509502,0,5311,64,201585,434.176,16479.636,0.026
246,2022-11-15,SP,Campinas/SP,3509502,0,5311,0,201585,434.176,16479.636,0.026
246,2022-11-16,SP,Campinas/SP,3509502,0,5311,12,201597,434.176,16480.617,0.026
246,2022-11-17,SP,Campinas/SP,3509502,0,5311,163,201760,434.176,16493.942,0.026
246,2022-11-18,SP,Campinas/SP,3509502,0,5311,246,202006,434.176,16514.052,0.026
246,2022-11-19,SP,Campinas/SP,3509502,0,5311,0,202006,434.176,16514.052,0.026
247,2022-11-20,SP,Campinas/SP,3509502,0,5311,0,202006,434.176,16514.052,0.026
247,2022-11-21,SP,Campinas/SP,3509502,1,5312,260,202266,434.258,16535.308,0.026
247,2022-11-22,SP,Campinas/SP,3509502,-1,5311,14,202280,434.176,16536.452,0
247,2022-11-23,SP,Campinas/SP,3509502,0,5311,91,202371,434.176,16543.891,0.026
247,2022-11-24,SP,Campinas/SP,3509502,2,5313,326,202697,434.339,16570.542,0.026
247,2022-11-25,SP,Campinas/SP,3509502,1,5314,629,203326,434.421,16621.963,0.026
247,2022-11-26,SP,Campinas/SP,3509502,0,5314,0,203326,434.421,16621.963,0.026
248,2022-11-27,SP,Campinas/SP,3509502,0,5314,0,203326,434.421,16621.963,0.026
248,2022-11-28,SP,Campinas/SP,3509502,1,5315,780,204106,434.503,16685.728,0.026
248,2022-11-29,SP,Campinas/SP,3509502,0,5315,10,204116,434.503,16686.546,0.026
248,2022-11-30,SP,Campinas/SP,3509502,3,5318,8,204124,434.748,16687.200,0.026
248,2022-12-01,SP,Campinas/SP,3509502,0,5318,0,204124,434.748,16687.200,0.026
248,2022-12-02,SP,Campinas/SP,3509502,0,5318,353,204477,434.748,16716.057,0.026
248,2022-12-03,SP,Campinas/SP,3509502,0,5318,0,204477,434.748,16716.057,0.026
249,2022-12-04,SP,Campinas/SP,3509502,0,5318,0,204477,434.748,16716.057,0.026
249,2022-12-05,SP,Campinas/SP,3509502,2,5320,353,204830,434.912,16744.915,0.026
249,2022-12-06,SP,Campinas/SP,3509502,2,5322,440,205270,435.075,16780.885,0.026
249,2022-12-07,SP,Campinas/SP,3509502,2,5324,116,205386,435.239,16790.369,0.026
249,2022-12-08,SP,Campinas/SP,3509502,0,5324,61,205447,435.239,16795.355,0.026
249,2022-12-09,SP,Campinas/SP,3509502,0,5324,0,205447,435.239,16795.355,0.026
249,2022-12-10,SP,Campinas/SP,3509502,0,5324,0,205447,435.239,16795.355,0.026
250,2022-12-11,SP,Campinas/SP,3509502,0,5324,0,205447,435.239,16795.355,0.026
250,2022-12-12,SP,Campinas/SP,3509502,0,5324,86,205533,435.239,16802.386,0.026
250,2022-12-13,SP,Campinas/SP,3509502,0,5324,65,205598,435.239,16807.700,0.026
250,2022-12-14,SP,Campinas/SP,3509502,6,5330,124,205722,435.729,16817.837,0.026
250,2022-12-15,SP,Campinas/SP,3509502,2,5332,268,205990,435.893,16839.746,0.026
250,2022-12-16,SP,Campinas/SP,3509502,4,5336,76,206066,436.220,16845.959,0.026
250,2022-12-17,SP,Campinas/SP,3509502,0,5336,0,206066,436.220,16845.959,0.026
251,2022-12-18,SP,Campinas/SP,3509502,0,5336,0,206066,436.220,16845.959,0.026
251,2022-12-19,SP,Campinas/SP,3509502,4,5340,144,206210,436.547,16857.731,0.026
251,2022-12-20,SP,Campinas/SP,3509502,3,5343,280,206490,436.792,16880.621,0.026
251,2022-12-21,SP,Campinas/SP,3509502,4,5347,597,207087,437.119,16929.426,0.026
251,2022-12-22,SP,Campinas/SP,3509502,1,5348,694,207781,437.201,16986.160,0.026
251,2022-12-23,SP,Campinas/SP,3509502,1,5349,473,208254,437.282,17024.828,0.026
251,2022-12-24,SP,Campinas/SP,3509502,0,5349,0,208254,437.282,17024.828,0.026
252,2022-12-25,SP,Campinas/SP,3509502,0,5349,0,208254,437.282,17024.828,0.026
252,2022-12-26,SP,Campinas/SP,3509502,2,5351,161,208415,437.446,17037.990,0.026
252,2022-12-27,SP,Campinas/SP,3509502,0,5351,380,208795,437.446,17069.055,0.026
252,2022-12-28,SP,Campinas/SP,3509502,1,5352,165,208960,437.528,17082.544,0.026
252,2022-12-29,SP,Campinas/SP,3509502,8,5360,298,209258,438.182,17106.906,0.026
252,2022-12-30,SP,Campinas/SP,3509502,0,5360,242,209500,438.182,17126.689,0.026
252,2022-12-31,SP,Campinas/SP,3509502,0,5360,0,209500,438.182,17126.689,0.026
